timestamp,pwm_ch1,pwm_ch2,pwm_ch3,sp_ch1,sp_ch2,sp_ch3,tension_ch1,tension_ch2,tension_ch3
2026-03-28T15:57:28.188,0.0,0.0,0.0,0.0,0.0,0.0,0.0,0.0,0.0
2026-03-28T15:57:28.188,0.0,0.0,0.0,0.0,0.0,0.0,0.0,0.0,0.0
2026-03-28T15:57:28.188,0.0,0.0,0.0,0.0,0.0,0.0,0.0,0.0,0.0
2026-03-28T15:57:28.295,0.0,0.0,0.0,0.0,0.0,0.0,0.0,0.0,0.0
2026-03-28T15:57:28.295,0.0,0.0,0.0,0.0,0.0,0.0,0.0,0.0,0.0
2026-03-28T15:57:28.295,0.0,0.0,0.0,0.0,0.0,0.0,0.0,0.0,0.0
2026-03-28T15:57:28.305,0.0,0.0,0.0,0.0,0.0,0.0,0.0,0.0,0.0
2026-03-28T15:57:28.305,0.0,0.0,0.0,0.0,0.0,0.0,0.0,0.0,0.0
2026-03-28T15:57:28.305,0.0,0.0,0.0,0.0,0.0,0.0,0.0,0.0,0.0
2026-03-28T15:57:28.386,0.0,0.0,0.0,0.0,0.0,0.0,0.0,0.0,0.0
2026-03-28T15:57:28.396,0.0,0.0,0.0,0.0,0.0,0.0,0.0,0.0,0.0
2026-03-28T15:57:28.396,0.0,0.0,0.0,0.0,0.0,0.0,0.0,0.0,0.0
2026-03-28T15:57:28.396,0.0,0.0,0.0,0.0,0.0,0.0,0.0,0.0,0.0
2026-03-28T15:57:28.396,0.0,0.0,0.0,0.0,0.0,0.0,0.0,0.0,0.0
2026-03-28T15:57:28.396,0.0,0.0,0.0,0.0,0.0,0.0,0.0,0.0,0.0
2026-03-28T15:57:28.407,0.0,0.0,0.0,0.0,0.0,0.0,0.0,0.0,0.0
2026-03-28T15:57:28.407,0.0,0.0,0.0,0.0,0.0,0.0,0.0,0.0,0.0
2026-03-28T15:57:28.407,0.0,0.0,0.0,0.0,0.0,0.0,0.0,0.0,0.0
2026-03-28T15:57:28.487,0.0,0.0,0.0,0.0,0.0,0.0,0.0,0.0,0.0
2026-03-28T15:57:28.487,0.0,0.0,0.0,0.0,0.0,0.0,0.0,0.0,0.0
2026-03-28T15:57:28.497,0.0,0.0,0.0,0.0,0.0,0.0,0.0,0.0,0.0
2026-03-28T15:57:28.497,0.0,0.0,0.0,0.0,0.0,0.0,0.0,0.0,0.0
2026-03-28T15:57:28.497,0.0,0.0,0.0,0.0,0.0,0.0,0.0,0.0,0.0
2026-03-28T15:57:28.508,0.0,0.0,0.0,0.0,0.0,0.0,0.0,0.0,0.0
2026-03-28T15:57:28.584,0.0,0.0,0.0,0.0,0.0,0.0,0.0,0.0,0.0
2026-03-28T15:57:28.594,0.0,0.0,0.0,0.0,0.0,0.0,0.0,0.0,0.0
2026-03-28T15:57:28.594,0.0,0.0,0.0,0.0,0.0,0.0,0.0,0.0,0.0
2026-03-28T15:57:28.604,0.0,0.0,0.0,0.0,0.0,0.0,0.0,0.0,0.0
2026-03-28T15:57:28.604,0.0,0.0,0.0,0.0,0.0,0.0,0.0,0.0,0.0
2026-03-28T15:57:28.604,0.0,0.0,0.0,0.0,0.0,0.0,0.0,0.0,0.0
2026-03-28T15:57:28.624,0.0,0.0,0.0,0.0,0.0,0.0,0.0,0.0,0.0
2026-03-28T15:57:28.624,0.0,0.0,0.0,0.0,0.0,0.0,0.0,0.0,0.0
2026-03-28T15:57:28.698,0.0,0.0,0.0,0.0,0.0,0.0,0.0,0.0,0.0
2026-03-28T15:57:28.708,0.0,0.0,0.0,0.0,0.0,0.0,0.0,0.0,0.0
2026-03-28T15:57:28.708,0.0,0.0,0.0,0.0,0.0,0.0,0.0,0.0,0.0
2026-03-28T15:57:28.708,0.0,0.0,0.0,0.0,0.0,0.0,0.0,0.0,0.0
2026-03-28T15:57:28.708,0.0,0.0,0.0,0.0,0.0,0.0,0.0,0.0,0.0
2026-03-28T15:57:28.708,0.0,0.0,0.0,0.0,0.0,0.0,0.0,0.0,0.0
2026-03-28T15:57:28.803,0.0,0.0,0.0,0.0,0.0,0.0,0.0,0.0,0.0
2026-03-28T15:57:28.803,0.0,0.0,0.0,0.0,0.0,0.0,0.0,0.0,0.0
2026-03-28T15:57:28.803,0.0,0.0,0.0,0.0,0.0,0.0,0.0,0.0,0.0
2026-03-28T15:57:28.803,0.0,0.0,0.0,0.0,0.0,0.0,0.0,0.0,0.0
2026-03-28T15:57:28.803,0.0,0.0,0.0,0.0,0.0,0.0,0.0,0.0,0.0
2026-03-28T15:57:28.803,0.0,0.0,0.0,0.0,0.0,0.0,0.0,0.0,0.0
2026-03-28T15:57:28.907,0.0,0.0,0.0,0.0,0.0,0.0,0.0,0.0,0.0
2026-03-28T15:57:28.907,0.0,0.0,0.0,0.0,0.0,0.0,0.0,0.0,0.0
2026-03-28T15:57:28.907,0.0,0.0,0.0,0.0,0.0,0.0,0.0,0.0,0.0
2026-03-28T15:57:28.918,0.0,0.0,0.0,0.0,0.0,0.0,0.0,0.0,0.0
2026-03-28T15:57:28.918,0.0,0.0,0.0,0.0,0.0,0.0,0.0,0.0,0.0
2026-03-28T15:57:28.918,0.0,0.0,0.0,0.0,0.0,0.0,0.0,0.0,0.0
2026-03-28T15:57:28.928,0.0,0.0,0.0,0.0,0.0,0.0,0.0,0.0,0.0
2026-03-28T15:57:28.928,0.0,0.0,0.0,0.0,0.0,0.0,0.0,0.0,0.0
2026-03-28T15:57:28.928,0.0,0.0,0.0,0.0,0.0,0.0,0.0,0.0,0.0
2026-03-28T15:57:29.010,0.0,0.0,0.0,0.0,0.0,0.0,0.0,0.0,0.0
2026-03-28T15:57:29.010,0.0,0.0,0.0,0.0,0.0,0.0,0.0,0.0,0.0
2026-03-28T15:57:29.010,0.0,0.0,0.0,0.0,0.0,0.0,0.0,0.0,0.0
2026-03-28T15:57:29.010,0.0,0.0,0.0,0.0,0.0,0.0,0.0,0.0,0.0
2026-03-28T15:57:29.020,0.0,0.0,0.0,0.0,0.0,0.0,0.0,0.0,0.0
2026-03-28T15:57:29.020,0.0,0.0,0.0,0.0,0.0,0.0,0.0,0.0,0.0
2026-03-28T15:57:29.113,0.0,0.0,0.0,0.0,0.0,0.0,0.0,0.0,0.0
2026-03-28T15:57:29.113,0.0,0.0,0.0,0.0,0.0,0.0,0.0,0.0,0.0
2026-03-28T15:57:29.113,0.0,0.0,0.0,0.0,0.0,0.0,0.0,0.0,0.0
2026-03-28T15:57:29.124,0.0,0.0,0.0,0.0,0.0,0.0,0.0,0.0,0.0
2026-03-28T15:57:29.124,0.0,0.0,0.0,0.0,0.0,0.0,0.0,0.0,0.0
2026-03-28T15:57:29.124,0.0,0.0,0.0,0.0,0.0,0.0,0.0,0.0,0.0
2026-03-28T15:57:29.145,0.0,0.0,0.0,0.0,0.0,0.0,0.0,0.0,0.0
2026-03-28T15:57:29.145,0.0,0.0,0.0,0.0,0.0,0.0,0.0,0.0,0.0
2026-03-28T15:57:29.155,0.0,0.0,0.0,0.0,0.0,0.0,0.0,0.0,0.0
2026-03-28T15:57:29.230,0.0,0.0,0.0,0.0,0.0,0.0,0.0,0.0,0.0
2026-03-28T15:57:29.230,0.0,0.0,0.0,0.0,0.0,0.0,0.0,0.0,0.0
2026-03-28T15:57:29.230,0.0,0.0,0.0,0.0,0.0,0.0,0.0,0.0,0.0
2026-03-28T15:57:29.242,0.0,0.0,0.0,0.0,0.0,0.0,0.0,0.0,0.0
2026-03-28T15:57:29.242,0.0,0.0,0.0,0.0,0.0,0.0,0.0,0.0,0.0
2026-03-28T15:57:29.317,0.0,0.0,0.0,0.0,0.0,0.0,0.0,0.0,0.0
2026-03-28T15:57:29.327,0.0,0.0,0.0,0.0,0.0,0.0,0.0,0.0,0.0
2026-03-28T15:57:29.327,0.0,0.0,0.0,0.0,0.0,0.0,0.0,0.0,0.0
2026-03-28T15:57:29.327,0.0,0.0,0.0,0.0,0.0,0.0,0.0,0.0,0.0
2026-03-28T15:57:29.338,0.0,0.0,0.0,0.0,0.0,0.0,0.0,0.0,0.0
2026-03-28T15:57:29.338,0.0,0.0,0.0,0.0,0.0,0.0,0.0,0.0,0.0
2026-03-28T15:57:29.429,0.0,0.0,0.0,0.0,0.0,0.0,0.0,0.0,0.0
2026-03-28T15:57:29.440,0.0,0.0,0.0,0.0,0.0,0.0,0.0,0.0,0.0
2026-03-28T15:57:29.440,0.0,0.0,0.0,0.0,0.0,0.0,0.0,0.0,0.0
2026-03-28T15:57:29.440,0.0,0.0,0.0,0.0,0.0,0.0,0.0,0.0,0.0
2026-03-28T15:57:29.440,0.0,0.0,0.0,0.0,0.0,0.0,0.0,0.0,0.0
2026-03-28T15:57:29.450,0.0,0.0,0.0,0.0,0.0,0.0,0.0,0.0,0.0
2026-03-28T15:57:29.450,0.0,0.0,0.0,0.0,0.0,0.0,0.0,0.0,0.0
2026-03-28T15:57:29.461,0.0,0.0,0.0,0.0,0.0,0.0,0.0,0.0,0.0
2026-03-28T15:57:29.533,0.0,0.0,0.0,0.0,0.0,0.0,0.0,0.0,0.0
2026-03-28T15:57:29.533,0.0,0.0,0.0,0.0,0.0,0.0,0.0,0.0,0.0
2026-03-28T15:57:29.545,0.0,0.0,0.0,0.0,0.0,0.0,0.0,0.0,0.0
2026-03-28T15:57:29.546,0.0,0.0,0.0,0.0,0.0,0.0,0.0,0.0,0.0
2026-03-28T15:57:29.547,0.0,0.0,0.0,0.0,0.0,0.0,0.0,0.0,0.0
2026-03-28T15:57:29.547,0.0,0.0,0.0,0.0,0.0,0.0,0.0,0.0,0.0
2026-03-28T15:57:29.547,0.0,0.0,0.0,0.0,0.0,0.0,0.0,0.0,0.0
2026-03-28T15:57:29.630,0.0,0.0,0.0,0.0,0.0,0.0,0.0,0.0,0.0
2026-03-28T15:57:29.640,0.0,0.0,0.0,0.0,0.0,0.0,0.0,0.0,0.0
2026-03-28T15:57:29.640,0.0,0.0,0.0,0.0,0.0,0.0,0.0,0.0,0.0
2026-03-28T15:57:29.640,0.0,0.0,0.0,0.0,0.0,0.0,0.0,0.0,0.0
2026-03-28T15:57:29.640,0.0,0.0,0.0,0.0,0.0,0.0,4.16,0.0,0.0
2026-03-28T15:57:29.640,3.0,0.0,0.0,0.0,0.0,0.0,15.83,0.0,0.0
2026-03-28T15:57:29.743,3.0,0.0,0.0,0.0,0.0,0.0,18.02,0.0,0.0
2026-03-28T15:57:29.753,6.0,0.0,0.0,0.0,0.0,0.0,31.72,0.0,0.0
2026-03-28T15:57:29.753,11.0,0.0,0.0,0.0,0.0,0.0,56.11,0.0,0.0
2026-03-28T15:57:29.753,12.0,0.0,0.0,0.0,0.0,0.0,61.61,0.0,0.0
2026-03-28T15:57:29.753,12.0,0.0,0.0,0.0,0.0,0.0,64.95,0.0,0.0
2026-03-28T15:57:29.764,14.0,0.0,0.0,0.0,0.0,0.0,70.58,0.0,0.0
2026-03-28T15:57:29.764,14.0,0.0,0.0,0.0,0.0,0.0,72.46,0.0,0.0
2026-03-28T15:57:29.764,19.0,0.0,0.0,0.0,0.0,0.0,97.16,0.0,0.0
2026-03-28T15:57:29.847,22.0,0.0,0.0,0.0,0.0,0.0,112.05,0.0,0.0
2026-03-28T15:57:29.847,22.0,0.0,0.0,0.0,0.0,0.0,111.15,0.0,0.0
2026-03-28T15:57:29.847,21.0,0.0,0.0,0.0,0.0,0.0,108.92,0.0,0.0
2026-03-28T15:57:29.847,24.0,0.0,0.0,0.0,0.0,0.0,124.94,0.0,0.0
2026-03-28T15:57:29.847,25.0,0.0,0.0,0.0,0.0,0.0,128.32,0.0,0.0
2026-03-28T15:57:29.858,28.0,0.0,0.0,0.0,0.0,0.0,140.96,0.0,0.0
2026-03-28T15:57:29.960,28.0,0.0,0.0,0.0,0.0,0.0,141.25,0.0,0.0
2026-03-28T15:57:29.960,35.0,0.0,0.0,0.0,0.0,0.0,175.11,0.0,0.0
2026-03-28T15:57:29.960,35.0,0.0,0.0,0.0,0.0,0.0,178.53,0.0,0.0
2026-03-28T15:57:29.960,35.0,0.0,0.0,0.0,0.0,0.0,176.09,0.0,0.0
2026-03-28T15:57:29.960,38.0,0.0,0.0,0.0,0.0,0.0,193.92,0.0,0.0
2026-03-28T15:57:29.960,39.0,0.0,0.0,0.0,0.0,0.0,197.78,0.0,0.0
2026-03-28T15:57:29.980,44.0,0.0,0.0,0.0,0.0,0.0,222.79,0.0,0.0
2026-03-28T15:57:29.980,48.0,0.0,0.0,0.0,0.0,0.0,243.58,0.0,0.0
2026-03-28T15:57:29.980,50.0,0.0,0.0,0.0,0.0,0.0,254.65,0.0,0.0
2026-03-28T15:57:30.060,53.0,0.0,0.0,0.0,0.0,0.0,268.2,0.0,0.0
2026-03-28T15:57:30.070,54.0,0.0,0.0,0.0,0.0,0.0,273.56,0.0,0.0
2026-03-28T15:57:30.070,55.0,0.0,0.0,0.0,0.0,0.0,276.4,0.0,0.0
2026-03-28T15:57:30.070,57.0,0.0,0.0,0.0,0.0,0.0,285.17,0.0,0.0
2026-03-28T15:57:30.070,57.0,0.0,0.0,0.0,0.0,0.0,285.75,0.0,0.0
2026-03-28T15:57:30.070,58.0,0.0,0.0,0.0,0.0,0.0,293.14,0.0,0.0
2026-03-28T15:57:30.153,58.0,0.0,0.0,0.0,0.0,0.0,290.26,0.0,0.0
2026-03-28T15:57:30.163,56.0,0.0,0.0,0.0,0.0,0.0,283.4,0.0,0.0
2026-03-28T15:57:30.163,56.0,0.0,0.0,0.0,0.0,0.0,282.25,0.0,0.0
2026-03-28T15:57:30.163,57.0,0.0,0.0,0.0,0.0,0.0,288.97,0.0,0.0
2026-03-28T15:57:30.163,57.0,0.0,0.0,0.0,0.0,0.0,285.1,0.0,0.0
2026-03-28T15:57:30.163,57.0,0.0,0.0,0.0,0.0,0.0,287.25,0.0,0.0
2026-03-28T15:57:30.272,55.0,0.0,0.0,0.0,0.0,0.0,279.72,0.0,0.0
2026-03-28T15:57:30.272,57.0,0.0,0.0,0.0,0.0,0.0,285.74,0.0,0.0
2026-03-28T15:57:30.272,56.0,0.0,0.0,0.0,0.0,0.0,280.85,0.0,0.0
2026-03-28T15:57:30.272,58.0,0.0,0.0,0.0,0.0,0.0,292.54,0.0,0.0
2026-03-28T15:57:30.272,60.0,0.0,0.0,0.0,0.0,0.0,302.84,0.0,0.0
2026-03-28T15:57:30.282,61.0,0.0,0.0,0.0,0.0,0.0,308.43,0.0,0.0
2026-03-28T15:57:30.282,61.0,0.0,0.0,0.0,0.0,0.0,306.33,0.0,0.0
2026-03-28T15:57:30.282,62.0,0.0,0.0,0.0,0.0,0.0,311.18,0.0,0.0
2026-03-28T15:57:30.377,61.0,0.0,0.0,0.0,0.0,0.0,305.39,0.0,0.0
2026-03-28T15:57:30.387,64.0,0.0,0.0,0.0,0.0,0.0,320.32,0.0,0.0
2026-03-28T15:57:30.387,64.0,0.0,0.0,0.0,0.0,0.0,321.84,0.0,0.0
2026-03-28T15:57:30.387,63.0,0.0,0.0,0.0,0.0,0.0,316.22,0.0,0.0
2026-03-28T15:57:30.398,65.0,0.0,0.0,0.0,0.0,0.0,328.14,0.0,0.0
2026-03-28T15:57:30.398,67.0,0.0,0.0,0.0,0.0,0.0,339.67,0.0,0.0
2026-03-28T15:57:30.483,65.0,0.0,0.0,0.0,0.0,0.0,329.94,0.0,0.0
2026-03-28T15:57:30.493,68.0,0.0,0.0,0.0,0.0,0.0,344.44,0.0,0.0
2026-03-28T15:57:30.493,71.0,0.0,0.0,0.0,0.0,0.0,357.88,0.0,0.0
2026-03-28T15:57:30.493,72.0,0.0,0.0,0.0,0.0,0.0,362.97,0.0,0.0
2026-03-28T15:57:30.493,72.0,0.0,0.0,0.0,0.0,0.0,362.39,0.0,0.0
2026-03-28T15:57:30.493,75.0,0.0,0.0,0.0,0.0,0.0,377.83,0.0,0.0
2026-03-28T15:57:30.504,75.0,0.0,0.0,0.0,0.0,0.0,376.44,0.0,0.0
2026-03-28T15:57:30.504,75.0,0.0,0.0,0.0,0.0,0.0,376.72,0.0,0.0
2026-03-28T15:57:30.504,76.0,0.0,0.0,0.0,0.0,0.0,381.68,0.0,0.0
2026-03-28T15:57:30.581,74.0,0.0,0.0,0.0,0.0,0.0,371.24,0.0,0.0
2026-03-28T15:57:30.591,76.0,0.0,0.0,0.0,0.0,0.0,381.7,0.0,0.0
2026-03-28T15:57:30.591,74.0,0.0,0.0,0.0,0.0,0.0,372.47,0.0,0.0
2026-03-28T15:57:30.591,73.0,0.0,0.0,0.0,0.0,0.0,365.95,0.0,0.0
2026-03-28T15:57:30.591,75.0,0.0,0.0,0.0,0.0,0.0,377.51,0.0,0.0
2026-03-28T15:57:30.601,76.0,0.0,0.0,0.0,0.0,0.0,381.28,0.0,0.0
2026-03-28T15:57:30.693,76.0,0.0,0.0,0.0,0.0,0.0,381.4,0.0,0.0
2026-03-28T15:57:30.703,74.0,0.0,0.0,0.0,0.0,0.0,374.75,0.0,0.0
2026-03-28T15:57:30.703,75.0,0.0,0.0,0.0,0.0,0.0,377.75,0.0,0.0
2026-03-28T15:57:30.714,75.0,0.0,0.0,0.0,0.0,0.0,377.99,0.0,0.0
2026-03-28T15:57:30.714,75.0,0.0,0.0,0.0,0.0,0.0,377.99,0.0,0.0
2026-03-28T15:57:30.724,78.0,0.0,0.0,0.0,0.0,0.0,391.52,0.0,0.0
2026-03-28T15:57:30.799,73.0,0.0,0.0,0.0,0.0,0.0,368.88,0.0,0.0
2026-03-28T15:57:30.799,74.0,0.0,0.0,0.0,0.0,0.0,371.99,0.0,0.0
2026-03-28T15:57:30.809,75.0,0.0,0.0,0.0,0.0,0.0,376.87,0.0,0.0
2026-03-28T15:57:30.809,75.0,0.0,0.0,0.0,0.0,0.0,375.68,0.0,0.0
2026-03-28T15:57:30.820,70.0,0.0,0.0,0.0,0.0,0.0,352.36,0.0,0.0
2026-03-28T15:57:30.820,69.0,0.0,0.0,0.0,0.0,0.0,347.15,0.0,0.0
2026-03-28T15:57:30.820,68.0,0.0,0.0,0.0,0.0,0.0,344.9,0.0,0.0
2026-03-28T15:57:30.820,69.0,0.0,0.0,0.0,0.0,0.0,345.5,0.0,0.0
2026-03-28T15:57:30.903,70.0,0.0,0.0,0.0,0.0,0.0,350.65,0.0,0.0
2026-03-28T15:57:30.903,72.0,0.0,0.0,0.0,0.0,0.0,360.49,0.0,0.0
2026-03-28T15:57:30.903,74.0,0.0,0.0,0.0,0.0,0.0,371.79,0.0,0.0
2026-03-28T15:57:30.903,74.0,0.0,0.0,0.0,0.0,0.0,371.0,0.0,0.0
2026-03-28T15:57:30.916,75.0,0.0,0.0,0.0,0.0,0.0,377.23,0.0,0.0
2026-03-28T15:57:30.918,74.0,0.0,0.0,0.0,0.0,0.0,373.89,0.0,0.0
2026-03-28T15:57:31.003,75.0,0.0,0.0,0.0,0.0,0.0,375.92,0.0,0.0
2026-03-28T15:57:31.003,74.0,3.0,0.0,0.0,0.0,0.0,373.55,15.18,0.0
2026-03-28T15:57:31.013,77.0,4.0,0.0,0.0,0.0,0.0,386.84,20.44,0.0
2026-03-28T15:57:31.013,80.0,5.0,0.0,0.0,0.0,0.0,402.98,27.65,0.0
2026-03-28T15:57:31.013,80.0,5.0,0.0,0.0,0.0,0.0,400.86,29.9,0.0
2026-03-28T15:57:31.024,80.0,5.0,0.0,0.0,0.0,0.0,401.6,29.3,0.0
2026-03-28T15:57:31.034,82.0,6.0,0.0,0.0,0.0,0.0,413.56,31.32,0.0
2026-03-28T15:57:31.034,78.0,6.0,0.0,0.0,0.0,0.0,393.17,31.21,0.0
2026-03-28T15:57:31.034,79.0,6.0,0.0,0.0,0.0,0.0,398.78,30.97,0.0
2026-03-28T15:57:31.110,78.0,6.0,0.0,0.0,0.0,0.0,392.03,30.07,0.0
2026-03-28T15:57:31.110,77.0,5.0,0.0,0.0,0.0,0.0,385.19,29.86,0.0
2026-03-28T15:57:31.120,80.0,5.0,0.0,0.0,0.0,0.0,400.48,29.98,0.0
2026-03-28T15:57:31.120,83.0,6.0,0.0,0.0,0.0,0.0,419.76,30.27,0.0
2026-03-28T15:57:31.120,82.0,6.0,0.0,0.0,0.0,0.0,410.91,30.13,0.0
2026-03-28T15:57:31.120,87.0,6.0,0.0,0.0,0.0,0.0,435.58,30.09,0.0
2026-03-28T15:57:31.216,87.0,6.0,0.0,0.0,0.0,0.0,439.96,30.76,0.0
2026-03-28T15:57:31.216,86.0,6.0,0.0,0.0,0.0,0.0,434.19,30.63,0.0
2026-03-28T15:57:31.216,87.0,6.0,0.0,0.0,0.0,0.0,439.93,30.43,0.0
2026-03-28T15:57:31.216,89.0,6.0,0.0,0.0,0.0,0.0,447.97,30.47,0.0
2026-03-28T15:57:31.216,84.0,6.0,0.0,0.0,0.0,0.0,420.21,30.02,0.0
2026-03-28T15:57:31.216,87.0,6.0,0.0,0.0,0.0,0.0,436.1,30.0,0.0
2026-03-28T15:57:31.322,86.0,5.0,0.0,0.0,0.0,0.0,431.66,29.87,0.0
2026-03-28T15:57:31.322,90.0,6.0,0.0,0.0,0.0,0.0,450.65,30.36,0.0
2026-03-28T15:57:31.322,92.0,6.0,0.0,0.0,0.0,0.0,460.44,30.93,0.0
2026-03-28T15:57:31.322,92.0,6.0,0.0,0.0,0.0,0.0,462.84,30.85,0.0
2026-03-28T15:57:31.322,92.0,6.0,0.0,0.0,0.0,0.0,463.7,30.73,0.0
2026-03-28T15:57:31.332,98.0,6.0,0.0,0.0,0.0,0.0,493.35,31.6,0.0
2026-03-28T15:57:31.332,99.0,6.0,0.0,0.0,0.0,0.0,496.55,31.53,0.0
2026-03-28T15:57:31.342,99.0,6.0,0.0,0.0,0.0,0.0,496.71,31.14,0.0
2026-03-28T15:57:31.415,97.0,6.0,0.0,0.0,0.0,0.0,489.97,31.16,0.0
2026-03-28T15:57:31.415,99.0,6.0,0.0,0.0,0.0,0.0,497.46,31.43,0.0
2026-03-28T15:57:31.425,98.0,6.0,0.0,0.0,0.0,0.0,493.52,33.18,0.0
2026-03-28T15:57:31.425,97.0,8.0,0.0,0.0,0.0,0.0,488.87,41.26,0.0
2026-03-28T15:57:31.425,96.0,9.0,0.0,0.0,0.0,0.0,484.08,45.56,0.0
2026-03-28T15:57:31.425,88.0,10.0,0.0,0.0,0.0,0.0,444.14,51.09,0.0
2026-03-28T15:57:31.519,68.0,10.0,0.0,0.0,0.0,0.0,343.75,54.84,0.0
2026-03-28T15:57:31.519,49.0,10.0,0.0,0.0,0.0,0.0,248.04,53.68,0.0
2026-03-28T15:57:31.519,43.0,10.0,0.0,0.0,0.0,0.0,215.36,54.12,0.0
2026-03-28T15:57:31.519,21.0,10.0,0.0,0.0,0.0,0.0,109.81,54.81,0.0
2026-03-28T15:57:31.519,13.0,10.0,0.0,0.0,0.0,0.0,67.3,54.32,0.0
2026-03-28T15:57:31.529,6.0,10.0,0.0,0.0,0.0,0.0,33.43,54.42,0.0
2026-03-28T15:57:31.626,1.0,10.0,0.0,0.0,0.0,0.0,9.83,54.06,0.0
2026-03-28T15:57:31.626,1.0,10.0,0.0,0.0,0.0,0.0,5.73,53.6,0.0
2026-03-28T15:57:31.626,0.0,10.0,0.0,0.0,0.0,0.0,0.0,53.31,0.0
2026-03-28T15:57:31.626,0.0,10.0,0.0,0.0,0.0,0.0,0.0,51.5,0.0
2026-03-28T15:57:31.626,0.0,10.0,0.0,0.0,0.0,0.0,0.0,50.61,0.0
2026-03-28T15:57:31.626,0.0,10.0,0.0,0.0,0.0,0.0,0.0,50.36,0.0
2026-03-28T15:57:31.646,0.0,10.0,0.0,0.0,0.0,0.0,0.0,51.14,0.0
2026-03-28T15:57:31.646,0.0,10.0,0.0,0.0,0.0,0.0,0.0,51.54,0.0
2026-03-28T15:57:31.646,0.0,10.0,0.0,0.0,0.0,0.0,0.0,50.87,0.0
2026-03-28T15:57:31.729,0.0,9.0,0.0,0.0,0.0,0.0,0.0,46.39,0.0
2026-03-28T15:57:31.729,0.0,9.0,0.0,0.0,0.0,0.0,0.0,47.48,0.0
2026-03-28T15:57:31.729,0.0,9.0,0.0,0.0,0.0,0.0,0.0,46.82,0.0
2026-03-28T15:57:31.729,0.0,9.0,0.0,0.0,0.0,0.0,0.0,46.72,0.0
2026-03-28T15:57:31.729,0.0,9.0,0.0,0.0,0.0,0.0,0.0,46.57,0.0
2026-03-28T15:57:31.729,0.0,9.0,0.0,0.0,0.0,0.0,0.0,46.46,0.0
2026-03-28T15:57:31.823,0.0,9.0,0.0,0.0,0.0,0.0,0.0,47.16,0.0
2026-03-28T15:57:31.823,0.0,9.0,0.0,0.0,0.0,0.0,0.0,46.78,0.0
2026-03-28T15:57:31.834,0.0,9.0,0.0,0.0,0.0,0.0,0.0,46.36,0.0
2026-03-28T15:57:31.834,0.0,9.0,0.0,0.0,0.0,0.0,0.0,46.21,0.0
2026-03-28T15:57:31.834,0.0,9.0,0.0,0.0,0.0,0.0,0.0,46.3,0.0
2026-03-28T15:57:31.929,0.0,9.0,0.0,0.0,0.0,0.0,0.0,46.02,0.0
2026-03-28T15:57:31.929,0.0,9.0,0.0,0.0,0.0,0.0,0.0,45.84,0.0
2026-03-28T15:57:31.929,0.0,9.0,0.0,0.0,0.0,0.0,0.0,45.72,0.0
2026-03-28T15:57:31.939,0.0,9.0,0.0,0.0,0.0,0.0,0.0,45.83,0.0
2026-03-28T15:57:31.939,0.0,9.0,0.0,0.0,0.0,0.0,0.0,46.37,0.0
2026-03-28T15:57:31.939,0.0,9.0,0.0,0.0,0.0,0.0,0.0,46.34,0.0
2026-03-28T15:57:31.950,0.0,9.0,0.0,0.0,0.0,0.0,0.0,46.62,0.0
2026-03-28T15:57:31.950,0.0,9.0,0.0,0.0,0.0,0.0,0.0,46.57,0.0
2026-03-28T15:57:31.950,0.0,9.0,0.0,0.0,0.0,0.0,0.0,46.58,0.0
2026-03-28T15:57:32.022,0.0,9.0,0.0,0.0,0.0,0.0,0.0,46.81,0.0
2026-03-28T15:57:32.022,0.0,9.0,0.0,0.0,0.0,0.0,0.0,46.97,0.0
2026-03-28T15:57:32.032,0.0,9.0,0.0,0.0,0.0,0.0,0.0,46.83,0.0
2026-03-28T15:57:32.032,0.0,9.0,0.0,0.0,0.0,0.0,0.0,46.94,0.0
2026-03-28T15:57:32.032,0.0,9.0,0.0,0.0,0.0,0.0,0.0,47.03,0.0
2026-03-28T15:57:32.043,0.0,9.0,0.0,0.0,0.0,0.0,0.0,47.77,0.0
2026-03-28T15:57:32.131,0.0,9.0,0.0,0.0,0.0,0.0,0.0,47.36,0.0
2026-03-28T15:57:32.141,0.0,9.0,0.0,0.0,0.0,0.0,0.0,47.86,0.0
2026-03-28T15:57:32.141,0.0,9.0,0.0,0.0,0.0,0.0,0.0,47.87,0.0
2026-03-28T15:57:32.151,0.0,9.0,0.0,0.0,0.0,0.0,0.0,47.74,0.0
2026-03-28T15:57:32.151,0.0,9.0,0.0,0.0,0.0,0.0,0.0,47.53,0.0
2026-03-28T15:57:32.151,0.0,9.0,0.0,0.0,0.0,0.0,0.0,47.68,0.0
2026-03-28T15:57:32.172,0.0,9.0,0.0,0.0,0.0,0.0,0.0,47.56,0.0
2026-03-28T15:57:32.172,0.0,9.0,0.0,0.0,0.0,0.0,0.0,47.91,0.0
2026-03-28T15:57:32.172,0.0,9.0,0.0,0.0,0.0,0.0,0.0,48.3,0.0
2026-03-28T15:57:32.244,0.0,9.0,0.0,0.0,0.0,0.0,0.0,48.38,0.0
2026-03-28T15:57:32.255,0.0,9.0,0.0,0.0,0.0,0.0,0.0,48.2,0.0
2026-03-28T15:57:32.255,0.0,9.0,0.0,0.0,0.0,0.0,0.0,48.18,0.0
2026-03-28T15:57:32.255,0.0,9.0,0.0,0.0,0.0,0.0,0.0,48.36,0.0
2026-03-28T15:57:32.255,0.0,9.0,0.0,0.0,0.0,0.0,0.0,48.04,0.0
2026-03-28T15:57:32.255,0.0,9.0,0.0,0.0,0.0,0.0,0.0,47.91,0.0
2026-03-28T15:57:32.341,0.0,9.0,0.0,0.0,0.0,0.0,0.0,47.95,0.0
2026-03-28T15:57:32.351,0.0,9.0,0.0,0.0,0.0,0.0,0.0,47.86,0.0
2026-03-28T15:57:32.351,0.0,9.0,0.0,0.0,0.0,0.0,0.0,48.0,0.0
2026-03-28T15:57:32.351,0.0,9.0,0.0,0.0,0.0,0.0,0.0,47.59,0.0
2026-03-28T15:57:32.362,0.0,9.0,0.0,0.0,0.0,0.0,0.0,47.54,0.0
2026-03-28T15:57:32.456,0.0,9.0,0.0,0.0,0.0,0.0,0.0,47.25,0.0
2026-03-28T15:57:32.456,0.0,9.0,0.0,0.0,0.0,0.0,0.0,47.41,0.0
2026-03-28T15:57:32.466,0.0,9.0,0.0,0.0,0.0,0.0,0.0,47.61,0.0
2026-03-28T15:57:32.466,0.0,9.0,0.0,0.0,0.0,0.0,0.0,47.74,0.0
2026-03-28T15:57:32.476,0.0,9.0,0.0,0.0,0.0,0.0,0.0,47.53,0.0
2026-03-28T15:57:32.476,0.0,9.0,0.0,0.0,0.0,0.0,0.0,47.44,0.0
2026-03-28T15:57:32.486,0.0,9.0,0.0,0.0,0.0,0.0,0.0,47.2,0.0
2026-03-28T15:57:32.486,0.0,9.0,0.0,0.0,0.0,0.0,0.0,47.27,0.0
2026-03-28T15:57:32.486,0.0,9.0,0.0,0.0,0.0,0.0,0.0,47.43,0.0
2026-03-28T15:57:32.560,0.0,9.0,0.0,0.0,0.0,0.0,0.0,47.26,0.0
2026-03-28T15:57:32.560,0.0,9.0,0.0,0.0,0.0,0.0,0.0,46.85,0.0
2026-03-28T15:57:32.570,0.0,9.0,0.0,0.0,0.0,0.0,0.0,46.91,0.0
2026-03-28T15:57:32.570,0.0,9.0,0.0,0.0,0.0,0.0,0.0,46.99,0.0
2026-03-28T15:57:32.570,0.0,9.0,0.0,0.0,0.0,0.0,0.0,46.98,0.0
2026-03-28T15:57:32.580,0.0,9.0,0.0,0.0,0.0,0.0,0.0,47.12,0.0
2026-03-28T15:57:32.666,0.0,9.0,0.0,0.0,0.0,0.0,0.0,47.02,0.0
2026-03-28T15:57:32.666,0.0,9.0,0.0,0.0,0.0,0.0,0.0,46.92,0.0
2026-03-28T15:57:32.666,0.0,9.0,0.0,0.0,0.0,0.0,0.0,46.83,0.0
2026-03-28T15:57:32.677,0.0,9.0,0.0,0.0,0.0,0.0,0.0,46.94,0.0
2026-03-28T15:57:32.677,0.0,9.0,0.0,0.0,0.0,0.0,0.0,46.99,0.0
2026-03-28T15:57:32.687,0.0,9.0,0.0,0.0,0.0,0.0,0.0,47.24,0.0
2026-03-28T15:57:32.767,0.0,9.0,0.0,0.0,0.0,0.0,0.0,47.12,0.0
2026-03-28T15:57:32.767,0.0,9.0,0.0,0.0,0.0,0.0,0.0,47.22,0.0
2026-03-28T15:57:32.767,0.0,9.0,0.0,0.0,0.0,0.0,0.0,47.01,0.0
2026-03-28T15:57:32.767,0.0,9.0,0.0,0.0,0.0,0.0,0.0,47.62,0.0
2026-03-28T15:57:32.767,0.0,9.0,0.0,0.0,0.0,0.0,0.0,47.61,0.0
2026-03-28T15:57:32.779,0.0,9.0,0.0,0.0,0.0,0.0,0.0,47.6,0.0
2026-03-28T15:57:32.779,0.0,9.0,0.0,0.0,0.0,0.0,0.0,47.62,0.0
2026-03-28T15:57:32.779,0.0,9.0,0.0,0.0,0.0,0.0,0.0,47.7,0.0
2026-03-28T15:57:32.779,0.0,9.0,0.0,0.0,0.0,0.0,0.0,47.78,0.0
2026-03-28T15:57:32.872,0.0,9.0,0.0,0.0,0.0,0.0,0.0,47.89,0.0
2026-03-28T15:57:32.882,0.0,9.0,0.0,0.0,0.0,0.0,0.0,47.79,0.0
2026-03-28T15:57:32.882,0.0,9.0,0.0,0.0,0.0,0.0,0.0,47.99,0.0
2026-03-28T15:57:32.882,0.0,9.0,0.0,0.0,0.0,0.0,0.0,47.96,0.0
2026-03-28T15:57:32.882,0.0,9.0,0.0,0.0,0.0,0.0,0.0,48.15,0.0
2026-03-28T15:57:32.976,0.0,9.0,0.0,0.0,0.0,0.0,0.0,48.16,0.0
2026-03-28T15:57:32.976,0.0,9.0,0.0,0.0,0.0,0.0,0.0,48.25,0.0
2026-03-28T15:57:32.976,0.0,9.0,0.0,0.0,0.0,0.0,0.0,48.24,0.0
2026-03-28T15:57:32.987,0.0,9.0,0.0,0.0,0.0,0.0,0.0,48.04,0.0
2026-03-28T15:57:32.987,0.0,9.0,0.0,0.0,0.0,0.0,0.0,48.14,0.0
2026-03-28T15:57:32.987,0.0,9.0,0.0,0.0,0.0,0.0,0.0,48.16,0.0
2026-03-28T15:57:32.997,0.0,9.0,0.0,0.0,0.0,0.0,0.0,48.07,0.0
2026-03-28T15:57:32.997,0.0,9.0,0.0,0.0,0.0,0.0,0.0,47.98,0.0
2026-03-28T15:57:32.997,0.0,9.0,0.0,0.0,0.0,0.0,0.0,48.06,0.0
2026-03-28T15:57:33.079,0.0,9.0,0.0,0.0,0.0,0.0,0.0,48.24,0.0
2026-03-28T15:57:33.079,0.0,9.0,0.0,0.0,0.0,0.0,0.0,47.95,0.0
2026-03-28T15:57:33.090,0.0,9.0,0.0,0.0,0.0,0.0,0.0,47.87,0.0
2026-03-28T15:57:33.090,0.0,9.0,0.0,0.0,0.0,0.0,0.0,47.81,0.0
2026-03-28T15:57:33.090,3.0,9.0,0.0,0.0,0.0,0.0,17.73,47.82,0.0
2026-03-28T15:57:33.090,6.0,9.0,0.0,0.0,0.0,0.0,33.74,47.97,0.0
2026-03-28T15:57:33.189,14.0,9.0,0.0,0.0,0.0,0.0,70.21,48.26,0.0
2026-03-28T15:57:33.189,27.0,9.0,0.0,0.0,0.0,0.0,138.28,48.11,0.0
2026-03-28T15:57:33.189,39.0,9.0,0.0,0.0,0.0,0.0,196.35,48.28,0.0
2026-03-28T15:57:33.199,42.0,9.0,0.0,0.0,0.0,0.0,210.6,48.11,0.0
2026-03-28T15:57:33.201,51.0,9.0,0.0,0.0,0.0,0.0,259.36,48.54,0.0
2026-03-28T15:57:33.201,66.0,9.0,0.0,0.0,0.0,0.0,331.79,48.98,0.0
2026-03-28T15:57:33.293,76.0,10.0,0.0,0.0,0.0,0.0,383.51,50.03,0.0
2026-03-28T15:57:33.293,87.0,10.0,0.0,0.0,0.0,0.0,435.23,51.26,0.0
2026-03-28T15:57:33.293,93.0,10.0,0.0,0.0,0.0,0.0,469.39,52.51,0.0
2026-03-28T15:57:33.303,103.0,11.0,0.0,0.0,0.0,0.0,515.75,58.75,0.0
2026-03-28T15:57:33.303,108.0,12.0,0.0,0.0,0.0,0.0,540.59,64.04,0.0
2026-03-28T15:57:33.303,114.0,13.0,0.0,0.0,0.0,0.0,570.41,65.12,0.0
2026-03-28T15:57:33.303,122.0,13.0,0.0,0.0,0.0,0.0,611.35,65.99,0.0
2026-03-28T15:57:33.303,127.0,13.0,0.0,0.0,0.0,0.0,638.21,66.21,0.0
2026-03-28T15:57:33.303,130.0,13.0,0.0,0.0,0.0,0.0,652.41,67.38,0.0
2026-03-28T15:57:33.388,135.0,13.0,0.0,0.0,0.0,0.0,676.76,69.27,0.0
2026-03-28T15:57:33.388,139.0,13.0,0.0,0.0,0.0,0.0,695.77,69.49,0.0
2026-03-28T15:57:33.388,140.0,14.0,0.0,0.0,0.0,0.0,701.65,72.88,0.0
2026-03-28T15:57:33.398,144.0,15.0,0.0,0.0,0.0,0.0,722.62,75.11,0.0
2026-03-28T15:57:33.398,146.0,15.0,0.0,0.0,0.0,0.0,732.59,76.05,0.0
2026-03-28T15:57:33.502,147.0,15.0,0.0,0.0,0.0,0.0,738.24,79.15,0.0
2026-03-28T15:57:33.502,150.0,15.0,0.0,0.0,0.0,0.0,751.56,79.15,0.0
2026-03-28T15:57:33.513,150.0,15.0,0.0,0.0,0.0,0.0,753.05,78.92,0.0
2026-03-28T15:57:33.513,149.0,15.0,0.0,0.0,0.0,0.0,749.95,79.06,0.0
2026-03-28T15:57:33.513,148.0,15.0,0.0,0.0,0.0,0.0,743.19,79.12,0.0
2026-03-28T15:57:33.513,144.0,15.0,0.0,0.0,0.0,0.0,724.77,79.52,0.0
2026-03-28T15:57:33.523,136.0,15.0,0.0,0.0,0.0,0.0,683.03,79.56,0.0
2026-03-28T15:57:33.523,132.0,15.0,0.0,0.0,0.0,0.0,662.18,79.83,0.0
2026-03-28T15:57:33.523,114.0,15.0,0.0,0.0,0.0,0.0,572.54,79.88,0.0
2026-03-28T15:57:33.606,76.0,16.0,0.0,0.0,0.0,0.0,383.99,80.02,0.0
2026-03-28T15:57:33.607,39.0,16.0,0.0,0.0,0.0,0.0,199.4,80.06,0.0
2026-03-28T15:57:33.609,23.0,15.0,0.0,0.0,0.0,0.0,118.07,79.96,0.0
2026-03-28T15:57:33.609,9.0,15.0,0.0,0.0,0.0,0.0,45.98,79.76,0.0
2026-03-28T15:57:33.609,3.0,15.0,0.0,0.0,0.0,0.0,18.98,79.91,0.0
2026-03-28T15:57:33.609,0.0,15.0,0.0,0.0,0.0,0.0,0.0,79.65,0.0
2026-03-28T15:57:33.702,0.0,15.0,0.0,0.0,0.0,0.0,0.0,79.56,0.0
2026-03-28T15:57:33.702,0.0,15.0,0.0,0.0,0.0,0.0,0.0,78.29,0.0
2026-03-28T15:57:33.702,0.0,15.0,0.0,0.0,0.0,0.0,0.0,76.38,0.0
2026-03-28T15:57:33.708,0.0,14.0,0.0,0.0,0.0,0.0,0.0,70.76,0.0
2026-03-28T15:57:33.708,0.0,12.0,0.0,0.0,0.0,0.0,0.0,60.67,0.0
2026-03-28T15:57:33.708,0.0,8.0,0.0,0.0,0.0,0.0,0.0,42.99,0.0
2026-03-28T15:57:33.805,0.0,7.0,0.0,0.0,0.0,0.0,0.0,37.15,0.0
2026-03-28T15:57:33.805,0.0,2.0,0.0,0.0,0.0,0.0,0.0,12.19,0.0
2026-03-28T15:57:33.805,0.0,2.0,0.0,0.0,0.0,0.0,0.0,14.89,0.0
2026-03-28T15:57:33.805,0.0,3.0,0.0,0.0,0.0,0.0,0.0,17.57,0.0
2026-03-28T15:57:33.816,0.0,2.0,0.0,0.0,0.0,0.0,0.0,11.83,0.0
2026-03-28T15:57:33.816,0.0,2.0,0.0,0.0,0.0,0.0,0.0,12.07,0.0
2026-03-28T15:57:33.826,0.0,2.0,0.0,0.0,0.0,0.0,0.0,12.46,0.0
2026-03-28T15:57:33.836,0.0,2.0,0.0,0.0,0.0,0.0,0.0,13.59,0.0
2026-03-28T15:57:33.836,0.0,2.0,0.0,0.0,0.0,0.0,0.0,14.13,0.0
2026-03-28T15:57:33.919,0.0,2.0,0.0,0.0,0.0,0.0,0.0,14.09,0.0
2026-03-28T15:57:33.919,0.0,2.0,0.0,0.0,0.0,0.0,0.0,14.75,0.0
2026-03-28T15:57:33.919,0.0,3.0,0.0,0.0,0.0,0.0,0.0,15.16,0.0
2026-03-28T15:57:33.919,0.0,3.0,0.0,0.0,0.0,0.0,0.0,15.46,0.0
2026-03-28T15:57:33.919,0.0,3.0,0.0,0.0,0.0,0.0,0.0,15.85,0.0
2026-03-28T15:57:34.012,0.0,3.0,0.0,0.0,0.0,0.0,0.0,16.04,0.0
2026-03-28T15:57:34.012,0.0,3.0,0.0,0.0,0.0,0.0,0.0,15.89,0.0
2026-03-28T15:57:34.023,0.0,3.0,0.0,0.0,0.0,0.0,0.0,16.0,0.0
2026-03-28T15:57:34.023,0.0,3.0,0.0,0.0,0.0,0.0,0.0,15.81,0.0
2026-03-28T15:57:34.033,0.0,3.0,0.0,0.0,0.0,0.0,0.0,15.61,0.0
2026-03-28T15:57:34.033,0.0,3.0,0.0,0.0,0.0,0.0,0.0,15.57,0.0
2026-03-28T15:57:34.119,0.0,3.0,0.0,0.0,0.0,0.0,0.0,15.94,0.0
2026-03-28T15:57:34.119,0.0,3.0,0.0,0.0,0.0,0.0,0.0,15.84,0.0
2026-03-28T15:57:34.119,0.0,3.0,0.0,0.0,0.0,0.0,0.0,15.85,0.0
2026-03-28T15:57:34.119,0.0,3.0,0.0,0.0,0.0,0.0,0.0,16.0,0.0
2026-03-28T15:57:34.119,0.0,3.0,0.0,0.0,0.0,0.0,0.0,16.12,0.0
2026-03-28T15:57:34.119,0.0,3.0,0.0,0.0,0.0,0.0,0.0,16.36,0.0
2026-03-28T15:57:34.130,0.0,3.0,0.0,0.0,0.0,0.0,0.0,16.49,0.0
2026-03-28T15:57:34.130,0.0,3.0,0.0,0.0,0.0,0.0,0.0,16.94,0.0
2026-03-28T15:57:34.140,0.0,3.0,0.0,0.0,0.0,0.0,0.0,16.92,0.0
2026-03-28T15:57:34.215,0.0,3.0,0.0,0.0,0.0,0.0,0.0,16.77,0.0
2026-03-28T15:57:34.215,0.0,3.0,0.0,0.0,0.0,0.0,0.0,17.05,0.0
2026-03-28T15:57:34.226,0.0,3.0,0.0,0.0,0.0,0.0,0.0,17.23,0.0
2026-03-28T15:57:34.226,0.0,3.0,0.0,0.0,0.0,0.0,0.0,17.72,0.0
2026-03-28T15:57:34.226,0.0,3.0,0.0,0.0,0.0,0.0,0.0,17.87,0.0
2026-03-28T15:57:34.226,0.0,3.0,0.0,0.0,0.0,0.0,0.0,18.21,0.0
2026-03-28T15:57:34.320,0.0,3.0,0.0,0.0,0.0,0.0,0.0,18.44,0.0
2026-03-28T15:57:34.320,0.0,3.0,0.0,0.0,0.0,0.0,0.0,18.77,0.0
2026-03-28T15:57:34.320,0.0,3.0,0.0,0.0,0.0,0.0,0.0,19.1,0.0
2026-03-28T15:57:34.320,0.0,3.0,0.0,0.0,0.0,0.0,0.0,19.22,0.0
2026-03-28T15:57:34.320,0.0,3.0,0.0,0.0,0.0,0.0,0.0,19.2,0.0
2026-03-28T15:57:34.320,0.0,3.0,0.0,0.0,0.0,0.0,0.0,19.89,0.0
2026-03-28T15:57:34.419,0.0,3.0,0.0,0.0,0.0,0.0,0.0,19.73,0.0
2026-03-28T15:57:34.429,0.0,3.0,0.0,0.0,0.0,0.0,0.0,19.47,0.0
2026-03-28T15:57:34.429,0.0,3.0,0.0,0.0,0.0,0.0,0.0,19.61,0.0
2026-03-28T15:57:34.440,0.0,3.0,0.0,0.0,0.0,0.0,0.0,19.71,0.0
2026-03-28T15:57:34.440,0.0,3.0,0.0,0.0,0.0,0.0,0.0,19.58,0.0
2026-03-28T15:57:34.450,0.0,4.0,0.0,0.0,0.0,0.0,0.0,20.34,0.0
2026-03-28T15:57:34.450,0.0,4.0,0.0,0.0,0.0,0.0,0.0,20.66,0.0
2026-03-28T15:57:34.450,0.0,4.0,0.0,0.0,0.0,0.0,0.0,20.23,0.0
2026-03-28T15:57:34.532,0.0,4.0,0.0,0.0,0.0,0.0,0.0,20.46,0.0
2026-03-28T15:57:34.532,0.0,4.0,0.0,0.0,0.0,0.0,0.0,20.58,0.0
2026-03-28T15:57:34.532,0.0,4.0,0.0,0.0,0.0,0.0,0.0,20.87,0.0
2026-03-28T15:57:34.532,0.0,4.0,0.0,0.0,0.0,0.0,0.0,20.9,0.0
2026-03-28T15:57:34.532,0.0,4.0,0.0,0.0,0.0,0.0,0.0,21.03,0.0
2026-03-28T15:57:34.532,0.0,4.0,0.0,0.0,0.0,0.0,0.0,20.56,0.0
2026-03-28T15:57:34.638,0.0,4.0,0.0,0.0,0.0,0.0,0.0,20.24,0.0
2026-03-28T15:57:34.638,0.0,4.0,0.0,0.0,0.0,0.0,0.0,20.39,0.0
2026-03-28T15:57:34.638,0.0,4.0,0.0,0.0,0.0,0.0,0.0,20.3,0.0
2026-03-28T15:57:34.638,0.0,4.0,0.0,0.0,0.0,0.0,0.0,20.54,0.0
2026-03-28T15:57:34.638,0.0,4.0,0.0,0.0,0.0,0.0,0.0,20.72,0.0
2026-03-28T15:57:34.638,3.0,4.0,0.0,0.0,0.0,0.0,19.67,20.61,0.0
2026-03-28T15:57:34.669,7.0,4.0,0.0,0.0,0.0,0.0,38.44,21.06,0.0
2026-03-28T15:57:34.669,9.0,4.0,0.0,0.0,0.0,0.0,48.84,21.03,0.0
2026-03-28T15:57:34.669,12.0,4.0,0.0,0.0,0.0,0.0,64.91,20.81,0.0
2026-03-28T15:57:34.752,25.0,4.0,0.0,0.0,0.0,0.0,126.79,20.91,0.0
2026-03-28T15:57:34.752,33.0,4.0,0.0,0.0,0.0,0.0,165.57,20.94,0.0
2026-03-28T15:57:34.752,40.0,4.0,0.0,0.0,0.0,0.0,202.24,21.0,0.0
2026-03-28T15:57:34.752,44.0,4.0,0.0,0.0,0.0,0.0,222.38,21.3,0.0
2026-03-28T15:57:34.752,51.0,4.0,0.0,0.0,0.0,0.0,257.47,21.57,0.0
2026-03-28T15:57:34.752,52.0,4.0,0.0,0.0,0.0,0.0,263.15,22.4,0.0
2026-03-28T15:57:34.847,56.0,4.0,0.0,0.0,0.0,0.0,282.45,20.93,0.0
2026-03-28T15:57:34.847,53.0,5.0,0.0,0.0,0.0,0.0,267.87,26.49,0.0
2026-03-28T15:57:34.847,58.0,6.0,0.0,0.0,0.0,0.0,293.65,32.08,0.0
2026-03-28T15:57:34.847,63.0,6.0,0.0,0.0,0.0,0.0,316.87,34.97,0.0
2026-03-28T15:57:34.857,72.0,7.0,0.0,0.0,0.0,0.0,360.43,35.14,0.0
2026-03-28T15:57:34.857,80.0,7.0,0.0,0.0,0.0,0.0,402.4,35.84,0.0
2026-03-28T15:57:34.950,93.0,7.0,0.0,0.0,0.0,0.0,465.91,39.42,0.0
2026-03-28T15:57:34.950,89.0,9.0,0.0,0.0,0.0,0.0,448.94,48.75,0.0
2026-03-28T15:57:34.950,82.0,10.0,0.0,0.0,0.0,0.0,414.87,52.36,0.0
2026-03-28T15:57:34.950,77.0,10.0,0.0,0.0,0.0,0.0,388.09,53.85,0.0
2026-03-28T15:57:34.950,67.0,10.0,0.0,0.0,0.0,0.0,338.4,54.26,0.0
2026-03-28T15:57:34.950,59.0,10.0,0.0,0.0,0.0,0.0,296.85,55.0,0.0
2026-03-28T15:57:34.971,56.0,10.0,0.0,0.0,0.0,0.0,281.11,54.83,0.0
2026-03-28T15:57:34.971,58.0,10.0,0.0,0.0,0.0,0.0,293.4,54.42,0.0
2026-03-28T15:57:35.059,58.0,11.0,0.0,0.0,0.0,0.0,294.49,55.32,0.0
2026-03-28T15:57:35.060,50.0,11.0,0.0,0.0,0.0,0.0,252.37,55.82,0.0
2026-03-28T15:57:35.062,48.0,11.0,0.0,0.0,0.0,0.0,240.37,55.91,0.0
2026-03-28T15:57:35.062,39.0,11.0,0.0,0.0,0.0,0.0,199.33,55.95,0.0
2026-03-28T15:57:35.064,39.0,11.0,0.0,0.0,0.0,0.0,199.9,56.07,0.0
2026-03-28T15:57:35.064,35.0,11.0,0.0,0.0,0.0,0.0,177.71,56.32,0.0
2026-03-28T15:57:35.159,35.0,11.0,0.0,0.0,0.0,0.0,176.34,56.27,0.0
2026-03-28T15:57:35.159,19.0,11.0,0.0,0.0,0.0,0.0,98.69,56.24,0.0
2026-03-28T15:57:35.159,10.0,11.0,0.0,0.0,0.0,0.0,50.43,56.21,0.0
2026-03-28T15:57:35.159,5.0,11.0,0.0,0.0,0.0,0.0,25.91,56.46,0.0
2026-03-28T15:57:35.159,4.0,11.0,0.0,0.0,0.0,0.0,22.47,56.36,0.0
2026-03-28T15:57:35.159,4.0,11.0,0.0,0.0,0.0,0.0,24.51,56.66,0.0
2026-03-28T15:57:35.255,0.0,11.0,0.0,0.0,0.0,0.0,0.0,56.78,0.0
2026-03-28T15:57:35.255,0.0,11.0,0.0,0.0,0.0,0.0,0.0,56.93,0.0
2026-03-28T15:57:35.255,0.0,11.0,0.0,0.0,0.0,0.0,0.0,57.07,0.0
2026-03-28T15:57:35.266,0.0,11.0,0.0,0.0,0.0,0.0,0.0,57.57,0.0
2026-03-28T15:57:35.266,0.0,11.0,0.0,0.0,0.0,0.0,0.0,57.79,0.0
2026-03-28T15:57:35.266,0.0,11.0,0.0,0.0,0.0,0.0,0.0,57.06,0.0
2026-03-28T15:57:35.276,0.0,11.0,0.0,0.0,0.0,0.0,0.0,55.73,0.0
2026-03-28T15:57:35.276,0.0,11.0,0.0,0.0,0.0,0.0,0.0,56.02,0.0
2026-03-28T15:57:35.276,0.0,11.0,0.0,0.0,0.0,0.0,0.0,55.21,0.0
2026-03-28T15:57:35.351,0.0,10.0,0.0,0.0,0.0,0.0,0.0,52.86,0.0
2026-03-28T15:57:35.361,0.0,9.0,0.0,0.0,0.0,0.0,0.0,45.56,0.0
2026-03-28T15:57:35.361,0.0,9.0,0.0,0.0,0.0,0.0,0.0,46.26,0.0
2026-03-28T15:57:35.361,0.0,9.0,0.0,0.0,0.0,0.0,0.0,46.44,0.0
2026-03-28T15:57:35.361,0.0,9.0,0.0,0.0,0.0,0.0,0.0,46.7,0.0
2026-03-28T15:57:35.361,0.0,9.0,0.0,0.0,0.0,0.0,0.0,46.73,0.0
2026-03-28T15:57:35.465,0.0,9.0,0.0,0.0,0.0,0.0,0.0,46.66,0.0
2026-03-28T15:57:35.465,0.0,9.0,0.0,0.0,0.0,0.0,0.0,47.17,0.0
2026-03-28T15:57:35.476,0.0,9.0,0.0,0.0,0.0,0.0,0.0,47.44,0.0
2026-03-28T15:57:35.476,0.0,9.0,0.0,0.0,0.0,0.0,0.0,47.68,0.0
2026-03-28T15:57:35.476,0.0,9.0,0.0,0.0,0.0,0.0,0.0,47.61,0.0
2026-03-28T15:57:35.476,0.0,9.0,0.0,0.0,0.0,0.0,0.0,47.74,0.0
2026-03-28T15:57:35.570,0.0,9.0,0.0,0.0,0.0,0.0,0.0,47.68,0.0
2026-03-28T15:57:35.570,0.0,9.0,0.0,0.0,0.0,0.0,0.0,47.65,0.0
2026-03-28T15:57:35.570,0.0,9.0,0.0,0.0,0.0,0.0,0.0,47.73,0.0
2026-03-28T15:57:35.570,0.0,9.0,0.0,0.0,0.0,0.0,0.0,47.74,0.0
2026-03-28T15:57:35.570,0.0,9.0,0.0,0.0,0.0,0.0,0.0,48.06,0.0
2026-03-28T15:57:35.580,0.0,9.0,0.0,0.0,0.0,0.0,0.0,48.31,0.0
2026-03-28T15:57:35.580,0.0,9.0,0.0,0.0,0.0,0.0,0.0,48.25,0.0
2026-03-28T15:57:35.580,0.0,9.0,0.0,0.0,0.0,0.0,0.0,48.6,0.0
2026-03-28T15:57:35.677,0.0,9.0,0.0,0.0,0.0,0.0,0.0,48.51,0.0
2026-03-28T15:57:35.677,0.0,9.0,0.0,0.0,0.0,0.0,0.0,48.72,0.0
2026-03-28T15:57:35.677,0.0,9.0,0.0,0.0,0.0,0.0,0.0,48.62,0.0
2026-03-28T15:57:35.677,0.0,9.0,0.0,0.0,0.0,0.0,0.0,48.5,0.0
2026-03-28T15:57:35.677,0.0,9.0,0.0,0.0,0.0,0.0,0.0,48.53,0.0
2026-03-28T15:57:35.688,0.0,9.0,0.0,0.0,0.0,0.0,0.0,48.63,0.0
2026-03-28T15:57:35.769,0.0,9.0,0.0,0.0,0.0,0.0,0.0,48.67,0.0
2026-03-28T15:57:35.769,0.0,9.0,0.0,0.0,0.0,0.0,0.0,48.38,0.0
2026-03-28T15:57:35.769,0.0,9.0,0.0,0.0,0.0,0.0,0.0,48.51,0.0
2026-03-28T15:57:35.769,0.0,9.0,0.0,0.0,0.0,0.0,0.0,48.61,0.0
2026-03-28T15:57:35.769,0.0,9.0,0.0,0.0,0.0,0.0,0.0,48.73,0.0
2026-03-28T15:57:35.780,0.0,9.0,0.0,0.0,0.0,0.0,0.0,48.81,0.0
2026-03-28T15:57:35.801,0.0,9.0,0.0,0.0,0.0,0.0,3.86,48.74,0.0
2026-03-28T15:57:35.874,4.0,9.0,0.0,0.0,0.0,0.0,21.39,48.81,0.0
2026-03-28T15:57:35.874,9.0,9.0,0.0,0.0,0.0,0.0,47.19,48.86,0.0
2026-03-28T15:57:35.884,17.0,9.0,0.0,0.0,0.0,0.0,89.51,48.81,0.0
2026-03-28T15:57:35.884,20.0,9.0,0.0,0.0,0.0,0.0,104.07,48.82,0.0
2026-03-28T15:57:35.884,25.0,9.0,0.0,0.0,0.0,0.0,126.06,48.93,0.0
2026-03-28T15:57:35.884,30.0,9.0,0.0,0.0,0.0,0.0,150.52,48.8,0.0
2026-03-28T15:57:35.884,39.0,9.0,0.0,0.0,0.0,0.0,197.07,48.86,0.0
2026-03-28T15:57:35.894,46.0,9.0,0.0,0.0,0.0,0.0,231.15,48.88,0.0
2026-03-28T15:57:35.978,58.0,9.0,0.0,0.0,0.0,0.0,293.52,49.06,0.0
2026-03-28T15:57:35.978,66.0,10.0,0.0,0.0,0.0,0.0,334.07,50.8,0.0
2026-03-28T15:57:35.978,74.0,10.0,0.0,0.0,0.0,0.0,372.8,51.57,0.0
2026-03-28T15:57:35.978,85.0,10.0,0.0,0.0,0.0,0.0,425.26,54.85,0.0
2026-03-28T15:57:35.978,89.0,11.0,0.0,0.0,0.0,0.0,447.67,56.93,0.0
2026-03-28T15:57:35.989,96.0,11.0,0.0,0.0,0.0,0.0,481.97,59.82,0.0
2026-03-28T15:57:36.092,106.0,11.0,0.0,0.0,0.0,0.0,534.3,59.67,0.0
2026-03-28T15:57:36.092,112.0,12.0,0.0,0.0,0.0,0.0,564.67,63.11,0.0
2026-03-28T15:57:36.092,125.0,13.0,0.0,0.0,0.0,0.0,625.5,68.43,0.0
2026-03-28T15:57:36.092,136.0,14.0,0.0,0.0,0.0,0.0,684.01,70.43,0.0
2026-03-28T15:57:36.092,143.0,15.0,0.0,0.0,0.0,0.0,718.55,76.79,0.0
2026-03-28T15:57:36.102,150.0,15.0,0.0,0.0,0.0,0.0,752.13,77.64,0.0
2026-03-28T15:57:36.102,153.0,15.0,0.0,0.0,0.0,0.0,766.92,79.27,0.0
2026-03-28T15:57:36.113,161.0,16.0,0.0,0.0,0.0,0.0,806.08,80.3,0.0
2026-03-28T15:57:36.188,164.0,15.0,0.0,0.0,0.0,0.0,820.31,79.61,0.0
2026-03-28T15:57:36.199,171.0,16.0,0.0,0.0,0.0,0.0,855.09,81.5,0.0
2026-03-28T15:57:36.199,175.0,16.0,0.0,0.0,0.0,0.0,878.47,82.24,0.0
2026-03-28T15:57:36.199,181.0,17.0,0.0,0.0,0.0,0.0,909.14,85.05,0.0
2026-03-28T15:57:36.199,189.0,17.0,0.0,0.0,0.0,0.0,945.77,85.31,0.0
2026-03-28T15:57:36.199,192.0,17.0,0.0,0.0,0.0,0.0,960.13,85.81,0.0
2026-03-28T15:57:36.294,194.0,17.0,0.0,0.0,0.0,0.0,970.93,86.12,0.0
2026-03-28T15:57:36.294,197.0,17.0,0.0,0.0,0.0,0.0,987.6,88.72,0.0
2026-03-28T15:57:36.294,201.0,17.0,0.0,0.0,0.0,0.0,1008.99,88.54,0.0
2026-03-28T15:57:36.294,204.0,17.0,0.0,0.0,0.0,0.0,1022.35,88.8,0.0
2026-03-28T15:57:36.294,206.0,17.0,0.0,0.0,0.0,0.0,1031.07,88.59,0.0
2026-03-28T15:57:36.304,209.0,17.0,0.0,0.0,0.0,0.0,1046.28,88.67,0.0
2026-03-28T15:57:36.324,210.0,17.0,0.0,0.0,0.0,0.0,1054.38,88.61,0.0
2026-03-28T15:57:36.324,214.0,17.0,0.0,0.0,0.0,0.0,1071.41,88.57,0.0
2026-03-28T15:57:36.324,214.0,17.0,0.0,0.0,0.0,0.0,1070.69,88.68,0.0
2026-03-28T15:57:36.409,214.0,17.0,0.0,0.0,0.0,0.0,1071.79,88.6,0.0
2026-03-28T15:57:36.409,215.0,17.0,0.0,0.0,0.0,0.0,1079.3,88.69,0.0
2026-03-28T15:57:36.409,216.0,17.0,0.0,0.0,0.0,0.0,1083.26,88.77,0.0
2026-03-28T15:57:36.419,215.0,17.0,0.0,0.0,0.0,0.0,1078.92,88.63,0.0
2026-03-28T15:57:36.419,217.0,17.0,0.0,0.0,0.0,0.0,1086.25,88.49,0.0
2026-03-28T15:57:36.419,218.0,17.0,0.0,0.0,0.0,0.0,1094.7,88.42,0.0
2026-03-28T15:57:36.512,219.0,17.0,0.0,0.0,0.0,0.0,1099.66,88.5,0.0
2026-03-28T15:57:36.512,218.0,17.0,0.0,0.0,0.0,0.0,1093.79,88.31,0.0
2026-03-28T15:57:36.512,220.0,17.0,0.0,0.0,0.0,0.0,1100.22,88.39,0.0
2026-03-28T15:57:36.512,220.0,17.0,0.0,0.0,0.0,0.0,1102.22,88.42,0.0
2026-03-28T15:57:36.512,220.0,17.0,0.0,0.0,0.0,0.0,1100.92,88.54,0.0
2026-03-28T15:57:36.512,216.0,17.0,0.0,0.0,0.0,0.0,1081.51,88.51,0.0
2026-03-28T15:57:36.616,211.0,17.0,0.0,0.0,0.0,0.0,1055.82,88.66,0.0
2026-03-28T15:57:36.616,201.0,17.0,0.0,0.0,0.0,0.0,1008.43,88.6,0.0
2026-03-28T15:57:36.616,187.0,17.0,0.0,0.0,0.0,0.0,939.09,88.64,0.0
2026-03-28T15:57:36.626,179.0,17.0,0.0,0.0,0.0,0.0,898.75,88.74,0.0
2026-03-28T15:57:36.626,155.0,17.0,0.0,0.0,0.0,0.0,778.44,88.77,0.0
2026-03-28T15:57:36.636,124.0,17.0,0.0,0.0,0.0,0.0,624.9,88.82,0.0
2026-03-28T15:57:36.636,93.0,17.0,0.0,0.0,0.0,0.0,469.53,89.32,0.0
2026-03-28T15:57:36.636,63.0,17.0,0.0,0.0,0.0,0.0,315.43,89.16,0.0
2026-03-28T15:57:36.723,48.0,17.0,0.0,0.0,0.0,0.0,243.17,89.19,0.0
2026-03-28T15:57:36.723,24.0,17.0,0.0,0.0,0.0,0.0,122.77,89.25,0.0
2026-03-28T15:57:36.723,10.0,17.0,0.0,0.0,0.0,0.0,52.93,89.33,0.0
2026-03-28T15:57:36.723,7.0,17.0,0.0,0.0,0.0,0.0,37.06,89.41,0.0
2026-03-28T15:57:36.723,0.0,17.0,0.0,0.0,0.0,0.0,0.0,89.31,0.0
2026-03-28T15:57:36.733,0.0,17.0,0.0,0.0,0.0,0.0,0.0,89.34,0.0
2026-03-28T15:57:36.816,0.0,17.0,0.0,0.0,0.0,0.0,0.0,85.67,0.0
2026-03-28T15:57:36.816,0.0,15.0,0.0,0.0,0.0,0.0,0.0,77.4,0.0
2026-03-28T15:57:36.816,0.0,12.0,0.0,0.0,0.0,0.0,0.0,61.67,0.0
2026-03-28T15:57:36.816,0.0,7.0,0.0,0.0,0.0,0.0,0.0,39.23,0.0
2026-03-28T15:57:36.827,0.0,5.0,0.0,0.0,0.0,0.0,0.0,26.27,0.0
2026-03-28T15:57:36.827,0.0,4.0,0.0,0.0,0.0,0.0,0.0,23.49,0.0
2026-03-28T15:57:36.920,0.0,4.0,0.0,0.0,0.0,0.0,0.0,23.9,0.0
2026-03-28T15:57:36.920,0.0,0.0,0.0,0.0,0.0,0.0,0.0,2.57,0.0
2026-03-28T15:57:36.920,0.0,1.0,0.0,0.0,0.0,0.0,0.0,6.98,0.0
2026-03-28T15:57:36.920,0.0,1.0,0.0,0.0,0.0,0.0,0.0,8.79,0.0
2026-03-28T15:57:36.920,0.0,2.0,0.0,0.0,0.0,0.0,0.0,11.32,0.0
2026-03-28T15:57:36.931,0.0,2.0,0.0,0.0,0.0,0.0,0.0,12.88,0.0
2026-03-28T15:57:36.941,0.0,2.0,0.0,0.0,0.0,0.0,0.0,13.73,0.0
2026-03-28T15:57:36.941,0.0,2.0,0.0,0.0,0.0,0.0,0.0,14.23,0.0
2026-03-28T15:57:36.941,0.0,2.0,0.0,0.0,0.0,0.0,0.0,14.75,0.0
2026-03-28T15:57:37.044,0.0,3.0,0.0,0.0,0.0,0.0,0.0,15.01,0.0
2026-03-28T15:57:37.044,0.0,3.0,0.0,0.0,0.0,0.0,0.0,15.14,0.0
2026-03-28T15:57:37.044,0.0,3.0,0.0,0.0,0.0,0.0,0.0,15.3,0.0
2026-03-28T15:57:37.044,0.0,3.0,0.0,0.0,0.0,0.0,0.0,15.65,0.0
2026-03-28T15:57:37.054,0.0,3.0,0.0,0.0,0.0,0.0,0.0,15.96,0.0
2026-03-28T15:57:37.054,0.0,3.0,0.0,0.0,0.0,0.0,0.0,16.74,0.0
2026-03-28T15:57:37.066,0.0,3.0,0.0,0.0,0.0,0.0,0.0,16.97,0.0
2026-03-28T15:57:37.066,0.0,3.0,0.0,0.0,0.0,0.0,0.0,17.68,0.0
2026-03-28T15:57:37.150,0.0,3.0,0.0,0.0,0.0,0.0,0.0,18.26,0.0
2026-03-28T15:57:37.150,0.0,3.0,0.0,0.0,0.0,0.0,0.0,19.13,0.0
2026-03-28T15:57:37.150,0.0,3.0,0.0,0.0,0.0,0.0,0.0,19.02,0.0
2026-03-28T15:57:37.150,0.0,3.0,0.0,0.0,0.0,0.0,0.0,19.32,0.0
2026-03-28T15:57:37.150,0.0,3.0,0.0,0.0,0.0,0.0,0.0,19.49,0.0
2026-03-28T15:57:37.150,0.0,3.0,0.0,0.0,0.0,0.0,0.0,19.29,0.0
2026-03-28T15:57:37.239,0.0,3.0,0.0,0.0,0.0,0.0,0.0,19.58,0.0
2026-03-28T15:57:37.239,0.0,3.0,0.0,0.0,0.0,0.0,0.0,19.74,0.0
2026-03-28T15:57:37.249,0.0,3.0,0.0,0.0,0.0,0.0,0.0,19.09,0.0
2026-03-28T15:57:37.249,0.0,3.0,0.0,0.0,0.0,0.0,0.0,18.95,0.0
2026-03-28T15:57:37.249,0.0,3.0,0.0,0.0,0.0,0.0,0.0,19.03,0.0
2026-03-28T15:57:37.260,0.0,3.0,0.0,0.0,0.0,0.0,0.0,19.42,0.0
2026-03-28T15:57:37.345,0.0,3.0,0.0,0.0,0.0,0.0,0.0,19.75,0.0
2026-03-28T15:57:37.345,0.0,3.0,0.0,0.0,0.0,0.0,0.0,19.88,0.0
2026-03-28T15:57:37.345,0.0,4.0,0.0,0.0,0.0,0.0,0.0,20.1,0.0
2026-03-28T15:57:37.345,0.0,3.0,0.0,0.0,0.0,0.0,0.0,19.97,0.0
2026-03-28T15:57:37.345,0.0,4.0,0.0,0.0,0.0,0.0,0.0,20.26,0.0
2026-03-28T15:57:37.345,0.0,4.0,0.0,0.0,0.0,0.0,0.0,20.53,0.0
2026-03-28T15:57:37.376,0.0,4.0,0.0,0.0,0.0,0.0,0.0,20.22,0.0
2026-03-28T15:57:37.376,0.0,4.0,0.0,0.0,0.0,0.0,0.0,20.81,0.0
2026-03-28T15:57:37.376,0.0,4.0,0.0,0.0,0.0,0.0,0.0,20.55,0.0
2026-03-28T15:57:37.449,0.0,4.0,0.0,0.0,0.0,0.0,0.0,20.81,0.0
2026-03-28T15:57:37.449,0.0,4.0,0.0,0.0,0.0,0.0,0.0,20.48,0.0
2026-03-28T15:57:37.459,0.0,4.0,0.0,0.0,0.0,0.0,0.0,20.6,0.0
2026-03-28T15:57:37.459,0.0,4.0,0.0,0.0,0.0,0.0,0.0,20.88,0.0
2026-03-28T15:57:37.459,0.0,4.0,0.0,0.0,0.0,0.0,0.0,20.87,0.0
2026-03-28T15:57:37.459,0.0,4.0,0.0,0.0,0.0,0.0,0.0,20.75,0.0
2026-03-28T15:57:37.553,0.0,4.0,0.0,0.0,0.0,0.0,0.0,20.4,0.0
2026-03-28T15:57:37.553,0.0,4.0,0.0,0.0,0.0,0.0,0.0,21.02,0.0
2026-03-28T15:57:37.553,0.0,4.0,0.0,0.0,0.0,0.0,0.0,21.21,0.0
2026-03-28T15:57:37.553,0.0,4.0,0.0,0.0,0.0,0.0,0.0,21.56,0.0
2026-03-28T15:57:37.553,0.0,4.0,0.0,0.0,0.0,0.0,0.0,21.56,0.0
2026-03-28T15:57:37.563,0.0,4.0,0.0,0.0,0.0,0.0,0.0,21.89,0.0
2026-03-28T15:57:37.657,0.0,4.0,0.0,0.0,0.0,0.0,0.0,21.67,0.0
2026-03-28T15:57:37.657,0.0,4.0,0.0,0.0,0.0,0.0,0.0,21.53,0.0
2026-03-28T15:57:37.668,0.0,4.0,0.0,0.0,0.0,0.0,0.0,21.81,0.0
2026-03-28T15:57:37.669,1.0,4.0,0.0,0.0,0.0,0.0,7.7,21.78,0.0
2026-03-28T15:57:37.671,3.0,4.0,0.0,0.0,0.0,0.0,19.28,21.79,0.0
2026-03-28T15:57:37.681,9.0,4.0,0.0,0.0,0.0,0.0,49.01,21.92,0.0
2026-03-28T15:57:37.681,19.0,4.0,0.0,0.0,0.0,0.0,95.87,22.1,0.0
2026-03-28T15:57:37.681,29.0,4.0,0.0,0.0,0.0,0.0,147.41,21.82,0.0
2026-03-28T15:57:37.775,47.0,4.0,0.0,0.0,0.0,0.0,237.19,21.72,0.0
2026-03-28T15:57:37.775,54.0,4.0,0.0,0.0,0.0,0.0,271.37,21.79,0.0
2026-03-28T15:57:37.775,64.0,4.0,0.0,0.0,0.0,0.0,323.99,22.06,0.0
2026-03-28T15:57:37.775,78.0,4.0,0.0,0.0,0.0,0.0,391.98,22.35,0.0
2026-03-28T15:57:37.775,79.0,4.0,0.0,0.0,0.0,0.0,395.24,21.18,0.0
2026-03-28T15:57:37.775,88.0,7.0,0.0,0.0,0.0,0.0,444.81,36.43,0.0
2026-03-28T15:57:37.870,89.0,10.0,0.0,0.0,0.0,0.0,447.26,51.92,0.0
2026-03-28T15:57:37.880,102.0,11.0,0.0,0.0,0.0,0.0,511.09,59.88,0.0
2026-03-28T15:57:37.880,111.0,13.0,0.0,0.0,0.0,0.0,557.64,66.44,0.0
2026-03-28T15:57:37.880,116.0,13.0,0.0,0.0,0.0,0.0,581.5,68.15,0.0
2026-03-28T15:57:37.880,120.0,14.0,0.0,0.0,0.0,0.0,604.42,70.64,0.0
2026-03-28T15:57:37.880,119.0,14.0,0.0,0.0,0.0,0.0,597.48,70.04,0.0
2026-03-28T15:57:37.901,115.0,14.0,0.0,0.0,0.0,0.0,575.26,72.08,0.0
2026-03-28T15:57:37.901,107.0,14.0,0.0,0.0,0.0,0.0,536.91,74.02,0.0
2026-03-28T15:57:37.901,100.0,14.0,0.0,0.0,0.0,0.0,503.9,74.22,0.0
2026-03-28T15:57:37.983,97.0,14.0,0.0,0.0,0.0,0.0,485.61,74.61,0.0
2026-03-28T15:57:37.983,89.0,14.0,0.0,0.0,0.0,0.0,449.76,74.39,0.0
2026-03-28T15:57:37.983,83.0,14.0,0.0,0.0,0.0,0.0,417.87,74.37,0.0
2026-03-28T15:57:37.983,57.0,14.0,0.0,0.0,0.0,0.0,288.31,74.63,0.0
2026-03-28T15:57:37.983,32.0,14.0,0.0,0.0,0.0,0.0,160.73,74.43,0.0
2026-03-28T15:57:37.993,16.0,14.0,0.0,0.0,0.0,0.0,81.9,74.87,0.0
2026-03-28T15:57:38.095,3.0,15.0,0.0,0.0,0.0,0.0,17.86,75.22,0.0
2026-03-28T15:57:38.095,0.0,15.0,0.0,0.0,0.0,0.0,0.0,75.56,0.0
2026-03-28T15:57:38.095,0.0,15.0,0.0,0.0,0.0,0.0,0.0,76.09,0.0
2026-03-28T15:57:38.095,0.0,14.0,0.0,0.0,0.0,0.0,0.0,74.53,0.0
2026-03-28T15:57:38.095,0.0,13.0,0.0,0.0,0.0,0.0,0.0,69.99,0.0
2026-03-28T15:57:38.095,0.0,12.0,0.0,0.0,0.0,0.0,0.0,61.41,0.0
2026-03-28T15:57:38.182,0.0,10.0,0.0,0.0,0.0,0.0,0.0,50.14,0.0
2026-03-28T15:57:38.192,0.0,7.0,0.0,0.0,0.0,0.0,0.0,39.57,0.0
2026-03-28T15:57:38.192,0.0,7.0,0.0,0.0,0.0,0.0,0.0,36.92,0.0
2026-03-28T15:57:38.192,0.0,7.0,0.0,0.0,0.0,0.0,0.0,35.94,0.0
2026-03-28T15:57:38.192,0.0,5.0,0.0,0.0,0.0,0.0,0.0,28.98,0.0
2026-03-28T15:57:38.203,0.0,5.0,0.0,0.0,0.0,0.0,0.0,28.09,0.0
2026-03-28T15:57:38.203,0.0,5.0,0.0,0.0,0.0,0.0,0.0,28.82,0.0
2026-03-28T15:57:38.203,0.0,6.0,0.0,0.0,0.0,0.0,0.0,30.2,0.0
2026-03-28T15:57:38.290,0.0,6.0,0.0,0.0,0.0,0.0,0.0,31.48,0.0
2026-03-28T15:57:38.290,0.0,6.0,0.0,0.0,0.0,0.0,0.0,32.03,0.0
2026-03-28T15:57:38.301,0.0,6.0,0.0,0.0,0.0,0.0,0.0,32.26,0.0
2026-03-28T15:57:38.301,0.0,6.0,0.0,0.0,0.0,0.0,0.0,31.77,0.0
2026-03-28T15:57:38.301,0.0,6.0,0.0,0.0,0.0,0.0,0.0,31.68,0.0
2026-03-28T15:57:38.301,0.0,6.0,0.0,0.0,0.0,0.0,0.0,31.81,0.0
2026-03-28T15:57:38.406,0.0,6.0,0.0,0.0,0.0,0.0,0.0,31.72,0.0
2026-03-28T15:57:38.406,0.0,6.0,0.0,0.0,0.0,0.0,0.0,32.18,0.0
2026-03-28T15:57:38.406,0.0,6.0,0.0,0.0,0.0,0.0,0.0,32.23,0.0
2026-03-28T15:57:38.406,0.0,6.0,0.0,0.0,0.0,0.0,0.0,32.16,0.0
2026-03-28T15:57:38.406,0.0,6.0,0.0,0.0,0.0,0.0,0.0,32.26,0.0
2026-03-28T15:57:38.406,0.0,6.0,0.0,0.0,0.0,0.0,0.0,32.4,0.0
2026-03-28T15:57:38.498,0.0,6.0,0.0,0.0,0.0,0.0,0.0,32.74,0.0
2026-03-28T15:57:38.498,0.0,6.0,0.0,0.0,0.0,0.0,0.0,32.59,0.0
2026-03-28T15:57:38.498,0.0,6.0,0.0,0.0,0.0,0.0,0.0,32.45,0.0
2026-03-28T15:57:38.498,0.0,6.0,0.0,0.0,0.0,0.0,0.0,32.97,0.0
2026-03-28T15:57:38.498,0.0,6.0,0.0,0.0,0.0,0.0,0.0,32.54,0.0
2026-03-28T15:57:38.498,0.0,6.0,0.0,0.0,0.0,0.0,0.0,32.64,0.0
2026-03-28T15:57:38.509,0.0,6.0,0.0,0.0,0.0,0.0,0.0,32.81,0.0
2026-03-28T15:57:38.509,0.0,6.0,0.0,0.0,0.0,0.0,0.0,32.94,0.0
2026-03-28T15:57:38.509,0.0,6.0,0.0,0.0,0.0,0.0,0.0,33.03,0.0
2026-03-28T15:57:38.603,0.0,6.0,0.0,0.0,0.0,0.0,0.0,33.06,0.0
2026-03-28T15:57:38.603,0.0,6.0,0.0,0.0,0.0,0.0,0.0,33.08,0.0
2026-03-28T15:57:38.614,0.0,6.0,0.0,0.0,0.0,0.0,0.0,33.2,0.0
2026-03-28T15:57:38.614,0.0,6.0,0.0,0.0,0.0,0.0,0.0,33.47,0.0
2026-03-28T15:57:38.614,0.0,6.0,0.0,0.0,0.0,0.0,0.0,33.44,0.0
2026-03-28T15:57:38.625,0.0,6.0,0.0,0.0,0.0,0.0,0.0,33.46,0.0
2026-03-28T15:57:38.701,0.0,6.0,0.0,0.0,0.0,0.0,0.0,33.76,0.0
2026-03-28T15:57:38.701,0.0,6.0,0.0,0.0,0.0,0.0,2.73,33.71,0.0
2026-03-28T15:57:38.711,10.0,6.0,0.0,0.0,0.0,0.0,51.22,33.6,0.0
2026-03-28T15:57:38.711,13.0,6.0,0.0,0.0,0.0,0.0,66.54,33.77,0.0
2026-03-28T15:57:38.711,22.0,6.0,0.0,0.0,0.0,0.0,110.5,33.83,0.0
2026-03-28T15:57:38.731,23.0,6.0,0.0,0.0,0.0,0.0,116.06,33.75,0.0
2026-03-28T15:57:38.731,32.0,6.0,0.0,0.0,0.0,0.0,162.73,33.83,0.0
2026-03-28T15:57:38.731,48.0,6.0,0.0,0.0,0.0,0.0,241.36,34.28,0.0
2026-03-28T15:57:38.816,71.0,6.0,0.0,0.0,0.0,0.0,359.7,34.44,0.0
2026-03-28T15:57:38.816,76.0,7.0,0.0,0.0,0.0,0.0,384.51,35.58,0.0
2026-03-28T15:57:38.816,87.0,9.0,0.0,0.0,0.0,0.0,439.89,47.54,0.0
2026-03-28T15:57:38.816,91.0,10.0,0.0,0.0,0.0,0.0,459.03,54.06,0.0
2026-03-28T15:57:38.816,97.0,11.0,0.0,0.0,0.0,0.0,485.55,59.98,0.0
2026-03-28T15:57:38.816,86.0,13.0,0.0,0.0,0.0,0.0,432.39,67.34,0.0
2026-03-28T15:57:38.919,93.0,14.0,0.0,0.0,0.0,0.0,466.42,71.01,0.0
2026-03-28T15:57:38.919,96.0,14.0,0.0,0.0,0.0,0.0,484.21,73.22,0.0
2026-03-28T15:57:38.919,100.0,14.0,0.0,0.0,0.0,0.0,504.13,73.9,0.0
2026-03-28T15:57:38.919,97.0,14.0,0.0,0.0,0.0,0.0,485.94,72.4,0.0
2026-03-28T15:57:38.929,98.0,14.0,0.0,0.0,0.0,0.0,490.34,72.57,0.0
2026-03-28T15:57:38.931,105.0,14.0,0.0,0.0,0.0,0.0,526.97,72.6,0.0
2026-03-28T15:57:39.027,133.0,14.0,0.0,0.0,0.0,0.0,668.65,72.85,0.0
2026-03-28T15:57:39.027,141.0,14.0,0.0,0.0,0.0,0.0,706.91,72.72,0.0
2026-03-28T15:57:39.033,139.0,14.0,0.0,0.0,0.0,0.0,697.94,72.84,0.0
2026-03-28T15:57:39.033,135.0,14.0,0.0,0.0,0.0,0.0,675.99,73.12,0.0
2026-03-28T15:57:39.033,124.0,15.0,0.0,0.0,0.0,0.0,620.18,75.79,0.0
2026-03-28T15:57:39.033,93.0,15.0,0.0,0.0,0.0,0.0,469.71,77.67,0.0
2026-03-28T15:57:39.033,53.0,15.0,0.0,0.0,0.0,0.0,266.28,77.79,0.0
2026-03-28T15:57:39.033,39.0,15.0,0.0,0.0,0.0,0.0,197.43,78.06,0.0
2026-03-28T15:57:39.033,18.0,15.0,0.0,0.0,0.0,0.0,90.38,78.2,0.0
2026-03-28T15:57:39.146,0.0,15.0,0.0,0.0,0.0,0.0,3.48,78.46,0.0
2026-03-28T15:57:39.146,0.0,15.0,0.0,0.0,0.0,0.0,0.0,78.2,0.0
2026-03-28T15:57:39.146,0.0,15.0,0.0,0.0,0.0,0.0,0.0,78.15,0.0
2026-03-28T15:57:39.146,0.0,14.0,0.0,0.0,0.0,0.0,0.0,74.44,0.0
2026-03-28T15:57:39.146,0.0,13.0,0.0,0.0,0.0,0.0,0.0,66.85,0.0
2026-03-28T15:57:39.146,0.0,9.0,0.0,0.0,0.0,0.0,0.0,48.55,0.0
2026-03-28T15:57:39.231,0.0,7.0,0.0,0.0,0.0,0.0,0.0,37.96,0.0
2026-03-28T15:57:39.242,0.0,5.0,0.0,0.0,0.0,0.0,0.0,29.83,0.0
2026-03-28T15:57:39.244,0.0,3.0,0.0,0.0,0.0,0.0,0.0,19.57,0.0
2026-03-28T15:57:39.244,0.0,4.0,0.0,0.0,0.0,0.0,0.0,24.13,0.0
2026-03-28T15:57:39.246,0.0,1.0,0.0,0.0,0.0,0.0,0.0,8.57,0.0
2026-03-28T15:57:39.254,0.0,1.0,0.0,0.0,0.0,0.0,0.0,7.55,0.0
2026-03-28T15:57:39.254,0.0,2.0,0.0,0.0,0.0,0.0,0.0,10.61,0.0
2026-03-28T15:57:39.254,0.0,2.0,0.0,0.0,0.0,0.0,0.0,11.86,0.0
2026-03-28T15:57:39.337,0.0,2.0,0.0,0.0,0.0,0.0,0.0,13.18,0.0
2026-03-28T15:57:39.337,0.0,2.0,0.0,0.0,0.0,0.0,0.0,13.74,0.0
2026-03-28T15:57:39.337,0.0,2.0,0.0,0.0,0.0,0.0,0.0,14.36,0.0
2026-03-28T15:57:39.337,0.0,2.0,0.0,0.0,0.0,0.0,0.0,14.73,0.0
2026-03-28T15:57:39.348,0.0,2.0,0.0,0.0,0.0,0.0,0.0,14.87,0.0
2026-03-28T15:57:39.348,0.0,3.0,0.0,0.0,0.0,0.0,0.0,15.08,0.0
2026-03-28T15:57:39.432,0.0,3.0,0.0,0.0,0.0,0.0,0.0,15.84,0.0
2026-03-28T15:57:39.432,0.0,3.0,0.0,0.0,0.0,0.0,0.0,16.34,0.0
2026-03-28T15:57:39.442,0.0,3.0,0.0,0.0,0.0,0.0,0.0,16.84,0.0
2026-03-28T15:57:39.442,0.0,3.0,0.0,0.0,0.0,0.0,0.0,17.19,0.0
2026-03-28T15:57:39.442,0.0,3.0,0.0,0.0,0.0,0.0,0.0,17.37,0.0
2026-03-28T15:57:39.442,0.0,3.0,0.0,0.0,0.0,0.0,0.0,17.46,0.0
2026-03-28T15:57:39.534,0.0,3.0,0.0,0.0,0.0,0.0,0.0,17.17,0.0
2026-03-28T15:57:39.534,0.0,3.0,0.0,0.0,0.0,0.0,0.0,17.32,0.0
2026-03-28T15:57:39.545,0.0,3.0,0.0,0.0,0.0,0.0,0.0,17.68,0.0
2026-03-28T15:57:39.545,0.0,3.0,0.0,0.0,0.0,0.0,0.0,17.79,0.0
2026-03-28T15:57:39.545,0.0,3.0,0.0,0.0,0.0,0.0,0.0,17.81,0.0
2026-03-28T15:57:39.545,0.0,3.0,0.0,0.0,0.0,0.0,0.0,17.63,0.0
2026-03-28T15:57:39.565,0.0,3.0,0.0,0.0,0.0,0.0,0.0,17.8,0.0
2026-03-28T15:57:39.565,0.0,3.0,0.0,0.0,0.0,0.0,0.0,18.16,0.0
2026-03-28T15:57:39.565,0.0,3.0,0.0,0.0,0.0,0.0,0.0,18.28,0.0
2026-03-28T15:57:39.647,0.0,3.0,0.0,0.0,0.0,0.0,0.0,18.6,0.0
2026-03-28T15:57:39.647,0.0,3.0,0.0,0.0,0.0,0.0,0.0,18.8,0.0
2026-03-28T15:57:39.647,0.0,3.0,0.0,0.0,0.0,0.0,0.0,18.79,0.0
2026-03-28T15:57:39.647,0.0,3.0,0.0,0.0,0.0,0.0,0.0,18.95,0.0
2026-03-28T15:57:39.647,0.0,3.0,0.0,0.0,0.0,0.0,0.0,19.05,0.0
2026-03-28T15:57:39.657,0.0,3.0,0.0,0.0,0.0,0.0,0.0,19.37,0.0
2026-03-28T15:57:39.744,0.0,3.0,0.0,0.0,0.0,0.0,3.73,19.45,0.0
2026-03-28T15:57:39.746,1.0,3.0,0.0,0.0,0.0,0.0,5.49,19.27,0.0
2026-03-28T15:57:39.746,8.0,3.0,0.0,0.0,0.0,0.0,40.84,19.33,0.0
2026-03-28T15:57:39.754,22.0,3.0,0.0,0.0,0.0,0.0,110.74,19.31,0.0
2026-03-28T15:57:39.754,30.0,3.0,0.0,0.0,0.0,0.0,150.58,19.33,0.0
2026-03-28T15:57:39.847,43.0,3.0,0.0,0.0,0.0,0.0,216.63,19.5,0.0
2026-03-28T15:57:39.847,59.0,3.0,0.0,0.0,0.0,0.0,298.36,19.58,0.0
2026-03-28T15:57:39.847,75.0,4.0,0.0,0.0,0.0,0.0,378.41,20.13,0.0
2026-03-28T15:57:39.847,90.0,5.0,0.0,0.0,0.0,0.0,453.9,26.05,0.0
2026-03-28T15:57:39.857,101.0,6.0,0.0,0.0,0.0,0.0,507.76,31.73,0.0
2026-03-28T15:57:39.857,119.0,9.0,0.0,0.0,0.0,0.0,595.12,49.47,0.0
2026-03-28T15:57:39.867,132.0,11.0,0.0,0.0,0.0,0.0,664.22,58.52,0.0
2026-03-28T15:57:39.867,142.0,14.0,0.0,0.0,0.0,0.0,714.09,70.8,0.0
2026-03-28T15:57:39.867,150.0,14.0,0.0,0.0,0.0,0.0,751.32,73.06,0.0
2026-03-28T15:57:39.951,155.0,15.0,0.0,0.0,0.0,0.0,776.99,75.91,0.0
2026-03-28T15:57:39.951,162.0,16.0,0.0,0.0,0.0,0.0,810.31,80.67,0.0
2026-03-28T15:57:39.961,167.0,16.0,0.0,0.0,0.0,0.0,836.32,81.7,0.0
2026-03-28T15:57:39.961,169.0,16.0,0.0,0.0,0.0,0.0,846.75,83.14,0.0
2026-03-28T15:57:39.961,170.0,16.0,0.0,0.0,0.0,0.0,850.89,83.32,0.0
2026-03-28T15:57:39.961,171.0,16.0,0.0,0.0,0.0,0.0,857.41,84.93,0.0
2026-03-28T15:57:40.055,172.0,17.0,0.0,0.0,0.0,0.0,861.3,86.86,0.0
2026-03-28T15:57:40.057,177.0,17.0,0.0,0.0,0.0,0.0,889.43,87.26,0.0
2026-03-28T15:57:40.058,176.0,17.0,0.0,0.0,0.0,0.0,881.09,87.45,0.0
2026-03-28T15:57:40.059,173.0,17.0,0.0,0.0,0.0,0.0,865.35,87.39,0.0
2026-03-28T15:57:40.060,173.0,17.0,0.0,0.0,0.0,0.0,867.34,87.6,0.0
2026-03-28T15:57:40.061,173.0,17.0,0.0,0.0,0.0,0.0,868.61,87.65,0.0
2026-03-28T15:57:40.162,173.0,17.0,0.0,0.0,0.0,0.0,869.43,87.51,0.0
2026-03-28T15:57:40.162,176.0,17.0,0.0,0.0,0.0,0.0,881.98,87.32,0.0
2026-03-28T15:57:40.162,177.0,17.0,0.0,0.0,0.0,0.0,888.51,87.39,0.0
2026-03-28T15:57:40.162,180.0,17.0,0.0,0.0,0.0,0.0,902.13,87.4,0.0
2026-03-28T15:57:40.172,178.0,17.0,0.0,0.0,0.0,0.0,892.88,87.35,0.0
2026-03-28T15:57:40.172,178.0,17.0,0.0,0.0,0.0,0.0,890.99,87.4,0.0
2026-03-28T15:57:40.172,178.0,17.0,0.0,0.0,0.0,0.0,893.11,87.79,0.0
2026-03-28T15:57:40.172,179.0,17.0,0.0,0.0,0.0,0.0,897.21,87.69,0.0
2026-03-28T15:57:40.172,181.0,17.0,0.0,0.0,0.0,0.0,905.09,87.69,0.0
2026-03-28T15:57:40.277,181.0,17.0,0.0,0.0,0.0,0.0,906.96,88.04,0.0
2026-03-28T15:57:40.277,179.0,17.0,0.0,0.0,0.0,0.0,897.97,87.97,0.0
2026-03-28T15:57:40.277,180.0,17.0,0.0,0.0,0.0,0.0,904.44,87.84,0.0
2026-03-28T15:57:40.277,183.0,17.0,0.0,0.0,0.0,0.0,916.78,88.03,0.0
2026-03-28T15:57:40.277,184.0,17.0,0.0,0.0,0.0,0.0,920.75,88.02,0.0
2026-03-28T15:57:40.359,184.0,17.0,0.0,0.0,0.0,0.0,922.45,88.14,0.0
2026-03-28T15:57:40.370,184.0,17.0,0.0,0.0,0.0,0.0,922.69,88.26,0.0
2026-03-28T15:57:40.371,185.0,17.0,0.0,0.0,0.0,0.0,925.27,88.16,0.0
2026-03-28T15:57:40.372,185.0,17.0,0.0,0.0,0.0,0.0,926.35,88.06,0.0
2026-03-28T15:57:40.374,186.0,17.0,0.0,0.0,0.0,0.0,932.95,88.16,0.0
2026-03-28T15:57:40.375,185.0,17.0,0.0,0.0,0.0,0.0,927.06,88.2,0.0
2026-03-28T15:57:40.393,183.0,17.0,0.0,0.0,0.0,0.0,915.16,88.04,0.0
2026-03-28T15:57:40.396,183.0,17.0,0.0,0.0,0.0,0.0,918.59,88.06,0.0
2026-03-28T15:57:40.397,184.0,17.0,0.0,0.0,0.0,0.0,921.55,88.09,0.0
2026-03-28T15:57:40.474,184.0,17.0,0.0,0.0,0.0,0.0,923.03,88.14,0.0
2026-03-28T15:57:40.474,183.0,17.0,0.0,0.0,0.0,0.0,919.58,88.08,0.0
2026-03-28T15:57:40.474,184.0,17.0,0.0,0.0,0.0,0.0,920.91,88.11,0.0
2026-03-28T15:57:40.474,183.0,17.0,0.0,0.0,0.0,0.0,918.94,88.27,0.0
2026-03-28T15:57:40.474,184.0,17.0,0.0,0.0,0.0,0.0,921.62,88.22,0.0
2026-03-28T15:57:40.474,184.0,17.0,0.0,0.0,0.0,0.0,924.06,88.28,0.0
2026-03-28T15:57:40.578,183.0,17.0,0.0,0.0,0.0,0.0,919.71,88.21,0.0
2026-03-28T15:57:40.578,182.0,17.0,0.0,0.0,0.0,0.0,914.75,88.12,0.0
2026-03-28T15:57:40.578,181.0,17.0,0.0,0.0,0.0,0.0,907.05,87.97,0.0
2026-03-28T15:57:40.588,178.0,17.0,0.0,0.0,0.0,0.0,892.99,88.16,0.0
2026-03-28T15:57:40.588,178.0,17.0,0.0,0.0,0.0,0.0,890.29,88.21,0.0
2026-03-28T15:57:40.588,178.0,17.0,0.0,0.0,0.0,0.0,892.52,88.18,0.0
2026-03-28T15:57:40.685,179.0,17.0,0.0,0.0,0.0,0.0,899.67,88.24,0.0
2026-03-28T15:57:40.687,179.0,17.0,0.0,0.0,0.0,0.0,899.9,88.29,0.0
2026-03-28T15:57:40.689,180.0,17.0,0.0,0.0,0.0,0.0,900.74,88.35,0.0
2026-03-28T15:57:40.689,179.0,17.0,0.0,0.0,0.0,0.0,898.06,88.52,0.0
2026-03-28T15:57:40.695,178.0,17.0,0.0,0.0,0.0,0.0,893.33,88.29,0.0
2026-03-28T15:57:40.701,178.0,17.0,0.0,0.0,0.0,0.0,894.83,88.33,0.0
2026-03-28T15:57:40.701,179.0,17.0,0.0,0.0,0.0,0.0,896.85,88.42,0.0
2026-03-28T15:57:40.703,180.0,17.0,0.0,0.0,0.0,0.0,902.06,88.36,0.0
2026-03-28T15:57:40.703,180.0,17.0,0.0,0.0,0.0,0.0,901.63,88.48,0.0
2026-03-28T15:57:40.787,180.0,17.0,0.0,0.0,0.0,0.0,904.46,88.53,0.0
2026-03-28T15:57:40.787,180.0,17.0,0.0,0.0,0.0,0.0,903.2,88.39,0.0
2026-03-28T15:57:40.797,181.0,17.0,0.0,0.0,0.0,0.0,905.19,88.43,0.0
2026-03-28T15:57:40.797,182.0,17.0,0.0,0.0,0.0,0.0,910.26,88.44,0.0
2026-03-28T15:57:40.797,181.0,17.0,0.0,0.0,0.0,0.0,909.48,88.47,0.0
2026-03-28T15:57:40.891,181.0,17.0,0.0,0.0,0.0,0.0,909.18,88.51,0.0
2026-03-28T15:57:40.891,182.0,17.0,0.0,0.0,0.0,0.0,912.34,88.51,0.0
2026-03-28T15:57:40.891,181.0,17.0,0.0,0.0,0.0,0.0,907.09,88.46,0.0
2026-03-28T15:57:40.901,180.0,17.0,0.0,0.0,0.0,0.0,901.97,88.54,0.0
2026-03-28T15:57:40.901,178.0,17.0,0.0,0.0,0.0,0.0,890.75,88.52,0.0
2026-03-28T15:57:40.901,175.0,17.0,0.0,0.0,0.0,0.0,876.55,88.51,0.0
2026-03-28T15:57:40.918,172.0,17.0,0.0,0.0,0.0,0.0,862.92,88.47,0.0
2026-03-28T15:57:40.918,162.0,17.0,0.0,0.0,0.0,0.0,813.8,88.65,0.0
2026-03-28T15:57:40.918,134.0,17.0,0.0,0.0,0.0,0.0,671.5,88.55,0.0
2026-03-28T15:57:40.991,90.0,17.0,0.0,0.0,0.0,0.0,452.22,88.46,0.0
2026-03-28T15:57:41.001,52.0,17.0,0.0,0.0,0.0,0.0,262.73,88.47,0.0
2026-03-28T15:57:41.001,15.0,17.0,0.0,0.0,0.0,0.0,77.54,88.5,0.0
2026-03-28T15:57:41.001,5.0,17.0,0.0,0.0,0.0,0.0,29.14,88.55,0.0
2026-03-28T15:57:41.011,0.0,17.0,0.0,0.0,0.0,0.0,0.74,88.69,0.0
2026-03-28T15:57:41.011,0.0,17.0,0.0,0.0,0.0,0.0,0.0,88.8,0.0
2026-03-28T15:57:41.103,0.0,17.0,0.0,0.0,0.0,0.0,0.0,88.39,0.0
2026-03-28T15:57:41.103,0.0,16.0,0.0,0.0,0.0,0.0,0.0,81.82,0.0
2026-03-28T15:57:41.103,0.0,14.0,0.0,0.0,0.0,0.0,0.0,71.36,0.0
2026-03-28T15:57:41.103,0.0,11.0,0.0,0.0,0.0,0.0,0.0,57.89,0.0
2026-03-28T15:57:41.103,0.0,9.0,0.0,0.0,0.0,0.0,0.0,45.33,0.0
2026-03-28T15:57:41.103,0.0,6.0,0.0,0.0,0.0,0.0,0.0,31.82,0.0
2026-03-28T15:57:41.228,0.0,4.0,0.0,0.0,0.0,0.0,0.0,21.26,0.0
2026-03-28T15:57:41.228,0.0,4.0,0.0,0.0,0.0,0.0,0.0,21.97,0.0
2026-03-28T15:57:41.230,0.0,3.0,0.0,0.0,0.0,0.0,0.0,17.88,0.0
2026-03-28T15:57:41.231,0.0,4.0,0.0,0.0,0.0,0.0,0.0,20.93,0.0
2026-03-28T15:57:41.231,0.0,4.0,0.0,0.0,0.0,0.0,0.0,22.74,0.0
2026-03-28T15:57:41.231,0.0,1.0,0.0,0.0,0.0,0.0,0.0,7.59,0.0
2026-03-28T15:57:41.231,0.0,1.0,0.0,0.0,0.0,0.0,0.0,8.53,0.0
2026-03-28T15:57:41.238,0.0,2.0,0.0,0.0,0.0,0.0,0.0,10.25,0.0
2026-03-28T15:57:41.238,0.0,2.0,0.0,0.0,0.0,0.0,0.0,12.43,0.0
2026-03-28T15:57:41.327,0.0,2.0,0.0,0.0,0.0,0.0,0.0,12.83,0.0
2026-03-28T15:57:41.327,0.0,2.0,0.0,0.0,0.0,0.0,0.0,14.43,0.0
2026-03-28T15:57:41.327,0.0,3.0,0.0,0.0,0.0,0.0,0.0,15.2,0.0
2026-03-28T15:57:41.327,0.0,3.0,0.0,0.0,0.0,0.0,0.0,15.13,0.0
2026-03-28T15:57:41.327,0.0,3.0,0.0,0.0,0.0,0.0,0.0,15.53,0.0
2026-03-28T15:57:41.421,0.0,3.0,0.0,0.0,0.0,0.0,0.0,16.62,0.0
2026-03-28T15:57:41.421,0.0,3.0,0.0,0.0,0.0,0.0,0.0,16.5,0.0
2026-03-28T15:57:41.421,0.0,3.0,0.0,0.0,0.0,0.0,0.0,17.18,0.0
2026-03-28T15:57:41.421,0.0,3.0,0.0,0.0,0.0,0.0,0.0,17.78,0.0
2026-03-28T15:57:41.432,0.0,3.0,0.0,0.0,0.0,0.0,0.0,18.1,0.0
2026-03-28T15:57:41.432,0.0,3.0,0.0,0.0,0.0,0.0,0.0,18.4,0.0
2026-03-28T15:57:41.442,0.0,3.0,0.0,0.0,0.0,0.0,0.0,18.4,0.0
2026-03-28T15:57:41.442,0.0,3.0,0.0,0.0,0.0,0.0,0.0,18.58,0.0
2026-03-28T15:57:41.442,0.0,3.0,0.0,0.0,0.0,0.0,0.0,18.62,0.0
2026-03-28T15:57:41.527,0.0,3.0,0.0,0.0,0.0,0.0,0.0,19.25,0.0
2026-03-28T15:57:41.527,0.0,3.0,0.0,0.0,0.0,0.0,0.0,19.6,0.0
2026-03-28T15:57:41.527,0.0,3.0,0.0,0.0,0.0,0.0,0.0,19.91,0.0
2026-03-28T15:57:41.537,0.0,3.0,0.0,0.0,0.0,0.0,0.0,19.97,0.0
2026-03-28T15:57:41.537,0.0,3.0,0.0,0.0,0.0,0.0,0.0,19.8,0.0
2026-03-28T15:57:41.537,0.0,4.0,0.0,0.0,0.0,0.0,0.0,20.17,0.0
2026-03-28T15:57:41.630,0.0,4.0,0.0,0.0,0.0,0.0,0.0,20.19,0.0
2026-03-28T15:57:41.630,0.0,4.0,0.0,0.0,0.0,0.0,0.0,20.08,0.0
2026-03-28T15:57:41.641,0.0,3.0,0.0,0.0,0.0,0.0,0.0,19.97,0.0
2026-03-28T15:57:41.641,0.0,4.0,0.0,0.0,0.0,0.0,0.0,20.06,0.0
2026-03-28T15:57:41.641,0.0,4.0,0.0,0.0,0.0,0.0,0.0,20.15,0.0
2026-03-28T15:57:41.641,0.0,4.0,0.0,0.0,0.0,0.0,0.0,20.1,0.0
2026-03-28T15:57:41.724,0.0,3.0,0.0,0.0,0.0,0.0,0.0,19.91,0.0
2026-03-28T15:57:41.724,0.0,4.0,0.0,0.0,0.0,0.0,0.0,20.14,0.0
2026-03-28T15:57:41.724,0.0,4.0,0.0,0.0,0.0,0.0,0.0,20.1,0.0
2026-03-28T15:57:41.724,0.0,4.0,0.0,0.0,0.0,0.0,0.0,20.01,0.0
2026-03-28T15:57:41.735,0.0,3.0,0.0,0.0,0.0,0.0,0.0,19.98,0.0
2026-03-28T15:57:41.736,0.0,4.0,0.0,0.0,0.0,0.0,0.0,20.13,0.0
2026-03-28T15:57:41.748,0.0,4.0,0.0,0.0,0.0,0.0,0.0,20.16,0.0
2026-03-28T15:57:41.748,0.0,3.0,0.0,0.0,0.0,0.0,0.0,19.97,0.0
2026-03-28T15:57:41.748,0.0,3.0,0.0,0.0,0.0,0.0,0.0,19.72,0.0
2026-03-28T15:57:41.832,0.0,3.0,0.0,0.0,0.0,0.0,0.0,19.87,0.0
2026-03-28T15:57:41.832,0.0,3.0,0.0,0.0,0.0,0.0,0.0,19.99,0.0
2026-03-28T15:57:41.832,0.0,3.0,0.0,0.0,0.0,0.0,0.0,19.97,0.0
2026-03-28T15:57:41.842,0.0,4.0,0.0,0.0,0.0,0.0,0.0,20.29,0.0
2026-03-28T15:57:41.843,0.0,4.0,0.0,0.0,0.0,0.0,0.0,20.43,0.0
2026-03-28T15:57:41.940,0.0,4.0,0.0,0.0,0.0,0.0,0.0,20.49,0.0
2026-03-28T15:57:41.941,0.0,4.0,0.0,0.0,0.0,0.0,0.0,20.77,0.0
2026-03-28T15:57:41.942,0.0,4.0,0.0,0.0,0.0,0.0,0.0,20.7,0.0
2026-03-28T15:57:41.943,3.0,4.0,0.0,0.0,0.0,0.0,17.99,21.11,0.0
2026-03-28T15:57:41.944,7.0,4.0,0.0,0.0,0.0,0.0,36.33,21.02,0.0
2026-03-28T15:57:41.946,17.0,4.0,0.0,0.0,0.0,0.0,88.55,21.11,0.0
2026-03-28T15:57:42.041,16.0,4.0,0.0,0.0,0.0,0.0,82.29,21.09,0.0
2026-03-28T15:57:42.042,25.0,4.0,0.0,0.0,0.0,0.0,126.25,21.16,0.0
2026-03-28T15:57:42.044,44.0,4.0,0.0,0.0,0.0,0.0,222.37,21.45,0.0
2026-03-28T15:57:42.045,57.0,4.0,0.0,0.0,0.0,0.0,289.22,21.43,0.0
2026-03-28T15:57:42.046,75.0,4.0,0.0,0.0,0.0,0.0,377.98,21.88,0.0
2026-03-28T15:57:42.047,73.0,5.0,0.0,0.0,0.0,0.0,367.45,26.56,0.0
2026-03-28T15:57:42.057,72.0,6.0,0.0,0.0,0.0,0.0,362.92,32.84,0.0
2026-03-28T15:57:42.058,99.0,7.0,0.0,0.0,0.0,0.0,498.48,39.23,0.0
2026-03-28T15:57:42.059,115.0,10.0,0.0,0.0,0.0,0.0,579.01,52.22,0.0
2026-03-28T15:57:42.146,125.0,13.0,0.0,0.0,0.0,0.0,627.64,68.46,0.0
2026-03-28T15:57:42.146,131.0,13.0,0.0,0.0,0.0,0.0,655.52,69.32,0.0
2026-03-28T15:57:42.156,136.0,15.0,0.0,0.0,0.0,0.0,680.39,76.04,0.0
2026-03-28T15:57:42.156,139.0,15.0,0.0,0.0,0.0,0.0,697.78,77.21,0.0
2026-03-28T15:57:42.156,139.0,16.0,0.0,0.0,0.0,0.0,695.4,81.43,0.0
2026-03-28T15:57:42.156,139.0,16.0,0.0,0.0,0.0,0.0,696.66,81.77,0.0
2026-03-28T15:57:42.251,130.0,16.0,0.0,0.0,0.0,0.0,654.49,82.36,0.0
2026-03-28T15:57:42.261,117.0,16.0,0.0,0.0,0.0,0.0,586.86,83.33,0.0
2026-03-28T15:57:42.261,90.0,16.0,0.0,0.0,0.0,0.0,452.18,84.74,0.0
2026-03-28T15:57:42.261,53.0,16.0,0.0,0.0,0.0,0.0,266.74,84.73,0.0
2026-03-28T15:57:42.261,18.0,16.0,0.0,0.0,0.0,0.0,91.81,84.72,0.0
2026-03-28T15:57:42.261,4.0,16.0,0.0,0.0,0.0,0.0,20.92,84.91,0.0
2026-03-28T15:57:42.271,0.0,17.0,0.0,0.0,0.0,0.0,0.0,85.07,0.0
2026-03-28T15:57:42.271,0.0,17.0,0.0,0.0,0.0,0.0,0.0,85.23,0.0
2026-03-28T15:57:42.271,0.0,17.0,0.0,0.0,0.0,0.0,0.0,85.98,0.0
2026-03-28T15:57:42.364,0.0,16.0,0.0,0.0,0.0,0.0,0.0,80.52,0.0
2026-03-28T15:57:42.364,0.0,14.0,0.0,0.0,0.0,0.0,0.0,72.81,0.0
2026-03-28T15:57:42.364,0.0,12.0,0.0,0.0,0.0,0.0,0.0,61.74,0.0
2026-03-28T15:57:42.364,0.0,9.0,0.0,0.0,0.0,0.0,0.0,46.09,0.0
2026-03-28T15:57:42.364,0.0,6.0,0.0,0.0,0.0,0.0,0.0,33.59,0.0
2026-03-28T15:57:42.457,0.0,5.0,0.0,0.0,0.0,0.0,0.0,25.01,0.0
2026-03-28T15:57:42.457,0.0,5.0,0.0,0.0,0.0,0.0,0.0,25.13,0.0
2026-03-28T15:57:42.457,0.0,3.0,0.0,0.0,0.0,0.0,0.0,16.45,0.0
2026-03-28T15:57:42.457,0.0,3.0,0.0,0.0,0.0,0.0,0.0,19.46,0.0
2026-03-28T15:57:42.457,0.0,3.0,0.0,0.0,0.0,0.0,0.0,16.4,0.0
2026-03-28T15:57:42.468,0.0,4.0,0.0,0.0,0.0,0.0,0.0,20.2,0.0
2026-03-28T15:57:42.560,0.0,4.0,0.0,0.0,0.0,0.0,0.0,21.96,0.0
2026-03-28T15:57:42.560,0.0,4.0,0.0,0.0,0.0,0.0,0.0,22.53,0.0
2026-03-28T15:57:42.560,0.0,4.0,0.0,0.0,0.0,0.0,0.0,22.79,0.0
2026-03-28T15:57:42.560,0.0,4.0,0.0,0.0,0.0,0.0,0.0,23.04,0.0
2026-03-28T15:57:42.560,0.0,4.0,0.0,0.0,0.0,0.0,0.0,22.99,0.0
2026-03-28T15:57:42.570,0.0,4.0,0.0,0.0,0.0,0.0,0.0,23.39,0.0
2026-03-28T15:57:42.581,0.0,4.0,0.0,0.0,0.0,0.0,0.0,23.74,0.0
2026-03-28T15:57:42.581,0.0,4.0,0.0,0.0,0.0,0.0,0.0,24.24,0.0
2026-03-28T15:57:42.591,0.0,4.0,0.0,0.0,0.0,0.0,0.0,24.28,0.0
2026-03-28T15:57:42.673,0.0,4.0,0.0,0.0,0.0,0.0,0.0,24.79,0.0
2026-03-28T15:57:42.673,0.0,4.0,0.0,0.0,0.0,0.0,0.0,24.82,0.0
2026-03-28T15:57:42.673,0.0,4.0,0.0,0.0,0.0,0.0,0.0,24.67,0.0
2026-03-28T15:57:42.673,0.0,5.0,0.0,0.0,0.0,0.0,0.0,25.03,0.0
2026-03-28T15:57:42.673,0.0,5.0,0.0,0.0,0.0,0.0,0.0,25.06,0.0
2026-03-28T15:57:42.673,0.0,5.0,0.0,0.0,0.0,0.0,0.0,25.43,0.0
2026-03-28T15:57:42.765,0.0,5.0,0.0,0.0,0.0,0.0,0.0,25.33,0.0
2026-03-28T15:57:42.765,0.0,5.0,0.0,0.0,0.0,0.0,0.0,25.33,0.0
2026-03-28T15:57:42.775,0.0,5.0,0.0,0.0,0.0,0.0,0.0,25.75,0.0
2026-03-28T15:57:42.775,0.0,5.0,0.0,0.0,0.0,0.0,0.0,25.62,0.0
2026-03-28T15:57:42.775,0.0,5.0,0.0,0.0,0.0,0.0,0.0,25.48,0.0
2026-03-28T15:57:42.775,0.0,5.0,0.0,0.0,0.0,0.0,0.0,25.24,0.0
2026-03-28T15:57:42.870,0.0,5.0,0.0,0.0,0.0,0.0,0.0,25.44,0.0
2026-03-28T15:57:42.870,0.0,5.0,0.0,0.0,0.0,0.0,0.0,25.54,0.0
2026-03-28T15:57:42.870,0.0,5.0,0.0,0.0,0.0,0.0,0.0,25.69,0.0
2026-03-28T15:57:42.870,0.0,5.0,0.0,0.0,0.0,0.0,0.0,25.37,0.0
2026-03-28T15:57:42.870,0.0,5.0,0.0,0.0,0.0,0.0,0.0,25.03,0.0
2026-03-28T15:57:42.880,0.0,5.0,0.0,0.0,0.0,0.0,0.0,25.29,0.0
2026-03-28T15:57:42.890,0.0,5.0,0.0,0.0,0.0,0.0,0.0,25.64,0.0
2026-03-28T15:57:42.890,0.0,5.0,0.0,0.0,0.0,0.0,0.0,25.62,0.0
2026-03-28T15:57:42.973,0.0,5.0,0.0,0.0,0.0,0.0,0.0,25.71,0.0
2026-03-28T15:57:42.973,0.0,5.0,0.0,0.0,0.0,0.0,0.0,26.08,0.0
2026-03-28T15:57:42.973,0.0,5.0,0.0,0.0,0.0,0.0,0.0,25.86,0.0
2026-03-28T15:57:42.973,0.0,5.0,0.0,0.0,0.0,0.0,0.0,25.93,0.0
2026-03-28T15:57:42.973,0.0,5.0,0.0,0.0,0.0,0.0,0.0,25.94,0.0
2026-03-28T15:57:42.973,0.0,5.0,0.0,0.0,0.0,0.0,0.0,25.86,0.0
2026-03-28T15:57:43.077,0.0,5.0,0.0,0.0,0.0,0.0,4.6,26.13,0.0
2026-03-28T15:57:43.077,4.0,5.0,0.0,0.0,0.0,0.0,20.65,26.31,0.0
2026-03-28T15:57:43.077,14.0,5.0,0.0,0.0,0.0,0.0,71.11,26.33,0.0
2026-03-28T15:57:43.087,26.0,5.0,0.0,0.0,0.0,0.0,132.14,25.92,0.0
2026-03-28T15:57:43.087,33.0,5.0,0.0,0.0,0.0,0.0,168.37,26.13,0.0
2026-03-28T15:57:43.087,41.0,5.0,0.0,0.0,0.0,0.0,205.78,26.06,0.0
2026-03-28T15:57:43.108,49.0,5.0,0.0,0.0,0.0,0.0,245.81,26.32,0.0
2026-03-28T15:57:43.108,71.0,5.0,0.0,0.0,0.0,0.0,356.33,28.58,0.0
2026-03-28T15:57:43.108,81.0,6.0,0.0,0.0,0.0,0.0,405.56,30.27,0.0
2026-03-28T15:57:43.192,95.0,7.0,0.0,0.0,0.0,0.0,479.23,35.66,0.0
2026-03-28T15:57:43.192,56.0,10.0,0.0,0.0,0.0,0.0,281.2,54.42,0.0
2026-03-28T15:57:43.192,60.0,12.0,0.0,0.0,0.0,0.0,304.72,63.5,0.0
2026-03-28T15:57:43.192,63.0,12.0,0.0,0.0,0.0,0.0,316.64,64.15,0.0
2026-03-28T15:57:43.192,63.0,12.0,0.0,0.0,0.0,0.0,317.39,63.6,0.0
2026-03-28T15:57:43.192,59.0,13.0,0.0,0.0,0.0,0.0,296.09,65.5,0.0
2026-03-28T15:57:43.287,60.0,13.0,0.0,0.0,0.0,0.0,301.29,66.55,0.0
2026-03-28T15:57:43.287,63.0,13.0,0.0,0.0,0.0,0.0,316.88,66.39,0.0
2026-03-28T15:57:43.287,66.0,13.0,0.0,0.0,0.0,0.0,334.64,67.04,0.0
2026-03-28T15:57:43.287,71.0,13.0,0.0,0.0,0.0,0.0,358.3,68.55,0.0
2026-03-28T15:57:43.297,84.0,13.0,0.0,0.0,0.0,0.0,421.84,68.77,0.0
2026-03-28T15:57:43.297,94.0,13.0,0.0,0.0,0.0,0.0,474.02,68.8,0.0
2026-03-28T15:57:43.397,95.0,13.0,0.0,0.0,0.0,0.0,478.96,68.85,0.0
2026-03-28T15:57:43.397,83.0,13.0,0.0,0.0,0.0,0.0,415.63,69.22,0.0
2026-03-28T15:57:43.397,108.0,13.0,0.0,0.0,0.0,0.0,544.53,69.63,0.0
2026-03-28T15:57:43.397,81.0,14.0,0.0,0.0,0.0,0.0,406.89,70.29,0.0
2026-03-28T15:57:43.397,151.0,14.0,0.0,0.0,0.0,0.0,758.58,70.4,0.0
2026-03-28T15:57:43.407,107.0,14.0,0.0,0.0,0.0,0.0,537.31,72.45,0.0
2026-03-28T15:57:43.407,111.0,15.0,0.0,0.0,0.0,0.0,556.07,75.8,0.0
2026-03-28T15:57:43.407,87.0,15.0,0.0,0.0,0.0,0.0,439.96,75.86,0.0
2026-03-28T15:57:43.490,150.0,15.0,0.0,0.0,0.0,0.0,750.13,78.12,0.0
2026-03-28T15:57:43.490,129.0,15.0,0.0,0.0,0.0,0.0,645.82,78.79,0.0
2026-03-28T15:57:43.500,153.0,15.0,0.0,0.0,0.0,0.0,767.63,78.48,0.0
2026-03-28T15:57:43.500,152.0,15.0,0.0,0.0,0.0,0.0,762.14,79.65,0.0
2026-03-28T15:57:43.500,152.0,16.0,0.0,0.0,0.0,0.0,760.82,80.01,0.0
2026-03-28T15:57:43.500,152.0,16.0,0.0,0.0,0.0,0.0,762.87,80.05,0.0
2026-03-28T15:57:43.613,150.0,16.0,0.0,0.0,0.0,0.0,754.95,80.39,0.0
2026-03-28T15:57:43.613,151.0,16.0,0.0,0.0,0.0,0.0,757.79,80.04,0.0
2026-03-28T15:57:43.613,151.0,16.0,0.0,0.0,0.0,0.0,759.66,80.58,0.0
2026-03-28T15:57:43.613,99.0,16.0,0.0,0.0,0.0,0.0,498.21,80.78,0.0
2026-03-28T15:57:43.613,105.0,16.0,0.0,0.0,0.0,0.0,529.66,81.17,0.0
2026-03-28T15:57:43.623,121.0,16.0,0.0,0.0,0.0,0.0,608.76,81.11,0.0
2026-03-28T15:57:43.633,125.0,16.0,0.0,0.0,0.0,0.0,629.42,80.78,0.0
2026-03-28T15:57:43.643,128.0,16.0,0.0,0.0,0.0,0.0,644.85,80.43,0.0
2026-03-28T15:57:43.643,134.0,16.0,0.0,0.0,0.0,0.0,672.45,80.36,0.0
2026-03-28T15:57:43.733,135.0,16.0,0.0,0.0,0.0,0.0,676.7,80.44,0.0
2026-03-28T15:57:43.735,122.0,16.0,0.0,0.0,0.0,0.0,611.02,80.36,0.0
2026-03-28T15:57:43.735,94.0,16.0,0.0,0.0,0.0,0.0,474.77,80.14,0.0
2026-03-28T15:57:43.735,93.0,16.0,0.0,0.0,0.0,0.0,465.12,80.25,0.0
2026-03-28T15:57:43.735,72.0,15.0,0.0,0.0,0.0,0.0,362.12,79.97,0.0
2026-03-28T15:57:43.735,48.0,16.0,0.0,0.0,0.0,0.0,241.58,80.14,0.0
2026-03-28T15:57:43.828,23.0,16.0,0.0,0.0,0.0,0.0,116.41,80.31,0.0
2026-03-28T15:57:43.828,1.0,16.0,0.0,0.0,0.0,0.0,9.26,80.48,0.0
2026-03-28T15:57:43.828,0.0,16.0,0.0,0.0,0.0,0.0,0.0,80.53,0.0
2026-03-28T15:57:43.828,0.0,16.0,0.0,0.0,0.0,0.0,0.0,80.52,0.0
2026-03-28T15:57:43.839,0.0,15.0,0.0,0.0,0.0,0.0,0.0,79.9,0.0
2026-03-28T15:57:43.848,0.0,14.0,0.0,0.0,0.0,0.0,0.0,73.45,0.0
2026-03-28T15:57:43.921,0.0,12.0,0.0,0.0,0.0,0.0,0.0,64.37,0.0
2026-03-28T15:57:43.921,0.0,11.0,0.0,0.0,0.0,0.0,0.0,55.37,0.0
2026-03-28T15:57:43.921,0.0,7.0,0.0,0.0,0.0,0.0,0.0,39.42,0.0
2026-03-28T15:57:43.932,0.0,6.0,0.0,0.0,0.0,0.0,0.0,34.17,0.0
2026-03-28T15:57:43.932,0.0,6.0,0.0,0.0,0.0,0.0,0.0,34.5,0.0
2026-03-28T15:57:43.932,0.0,4.0,0.0,0.0,0.0,0.0,0.0,24.75,0.0
2026-03-28T15:57:43.942,0.0,4.0,0.0,0.0,0.0,0.0,0.0,23.65,0.0
2026-03-28T15:57:43.942,0.0,4.0,0.0,0.0,0.0,0.0,0.0,24.36,0.0
2026-03-28T15:57:44.024,0.0,4.0,0.0,0.0,0.0,0.0,0.0,24.03,0.0
2026-03-28T15:57:44.024,0.0,5.0,0.0,0.0,0.0,0.0,0.0,25.25,0.0
2026-03-28T15:57:44.024,0.0,5.0,0.0,0.0,0.0,0.0,0.0,26.19,0.0
2026-03-28T15:57:44.024,0.0,5.0,0.0,0.0,0.0,0.0,0.0,26.7,0.0
2026-03-28T15:57:44.034,0.0,5.0,0.0,0.0,0.0,0.0,0.0,27.72,0.0
2026-03-28T15:57:44.034,0.0,5.0,0.0,0.0,0.0,0.0,0.0,28.43,0.0
2026-03-28T15:57:44.135,0.0,5.0,0.0,0.0,0.0,0.0,0.0,28.25,0.0
2026-03-28T15:57:44.135,0.0,5.0,0.0,0.0,0.0,0.0,0.0,28.4,0.0
2026-03-28T15:57:44.135,0.0,5.0,0.0,0.0,0.0,0.0,0.0,27.99,0.0
2026-03-28T15:57:44.144,0.0,5.0,0.0,0.0,0.0,0.0,0.0,27.94,0.0
2026-03-28T15:57:44.144,0.0,5.0,0.0,0.0,0.0,0.0,0.0,28.07,0.0
2026-03-28T15:57:44.144,0.0,5.0,0.0,0.0,0.0,0.0,0.0,28.35,0.0
2026-03-28T15:57:44.154,0.0,5.0,0.0,0.0,0.0,0.0,0.0,28.5,0.0
2026-03-28T15:57:44.154,0.0,5.0,0.0,0.0,0.0,0.0,0.0,28.6,0.0
2026-03-28T15:57:44.154,0.0,5.0,0.0,0.0,0.0,0.0,0.0,28.76,0.0
2026-03-28T15:57:44.226,0.0,5.0,0.0,0.0,0.0,0.0,0.0,28.98,0.0
2026-03-28T15:57:44.226,0.0,5.0,0.0,0.0,0.0,0.0,0.0,29.29,0.0
2026-03-28T15:57:44.237,0.0,5.0,0.0,0.0,0.0,0.0,0.0,29.18,0.0
2026-03-28T15:57:44.237,0.0,5.0,0.0,0.0,0.0,0.0,0.0,29.3,0.0
2026-03-28T15:57:44.249,0.0,5.0,0.0,0.0,0.0,0.0,0.0,29.43,0.0
2026-03-28T15:57:44.250,0.0,5.0,0.0,0.0,0.0,0.0,0.0,29.62,0.0
2026-03-28T15:57:44.336,0.0,5.0,0.0,0.0,0.0,0.0,0.0,29.62,0.0
2026-03-28T15:57:44.336,0.0,5.0,0.0,0.0,0.0,0.0,0.0,29.8,0.0
2026-03-28T15:57:44.336,0.0,5.0,0.0,0.0,0.0,0.0,0.0,29.88,0.0
2026-03-28T15:57:44.336,0.0,5.0,0.0,0.0,0.0,0.0,0.0,29.87,0.0
2026-03-28T15:57:44.336,0.0,6.0,0.0,0.0,0.0,0.0,0.0,30.11,0.0
2026-03-28T15:57:44.336,0.0,6.0,0.0,0.0,0.0,0.0,0.0,30.49,0.0
2026-03-28T15:57:44.441,0.0,6.0,0.0,0.0,0.0,0.0,0.0,30.39,0.0
2026-03-28T15:57:44.441,0.0,6.0,0.0,0.0,0.0,0.0,0.0,30.41,0.0
2026-03-28T15:57:44.441,0.0,6.0,0.0,0.0,0.0,0.0,0.0,30.42,0.0
2026-03-28T15:57:44.441,0.0,6.0,0.0,0.0,0.0,0.0,0.0,30.38,0.0
2026-03-28T15:57:44.441,0.0,6.0,0.0,0.0,0.0,0.0,0.0,30.72,0.0
2026-03-28T15:57:44.462,0.0,6.0,0.0,0.0,0.0,0.0,0.0,31.16,0.0
2026-03-28T15:57:44.462,0.0,6.0,0.0,0.0,0.0,0.0,0.0,31.05,0.0
2026-03-28T15:57:44.462,0.0,6.0,0.0,0.0,0.0,0.0,0.0,31.06,0.0
2026-03-28T15:57:44.535,4.0,6.0,0.0,0.0,0.0,0.0,22.39,31.17,0.0
2026-03-28T15:57:44.545,6.0,6.0,0.0,0.0,0.0,0.0,32.34,31.39,0.0
2026-03-28T15:57:44.545,14.0,6.0,0.0,0.0,0.0,0.0,72.53,31.24,0.0
2026-03-28T15:57:44.545,31.0,6.0,0.0,0.0,0.0,0.0,156.15,31.21,0.0
2026-03-28T15:57:44.545,44.0,6.0,0.0,0.0,0.0,0.0,221.54,31.64,0.0
2026-03-28T15:57:44.555,57.0,6.0,0.0,0.0,0.0,0.0,285.29,31.86,0.0
2026-03-28T15:57:44.647,66.0,6.0,0.0,0.0,0.0,0.0,331.52,32.8,0.0
2026-03-28T15:57:44.658,74.0,7.0,0.0,0.0,0.0,0.0,372.19,38.67,0.0
2026-03-28T15:57:44.658,86.0,8.0,0.0,0.0,0.0,0.0,432.14,44.26,0.0
2026-03-28T15:57:44.658,94.0,10.0,0.0,0.0,0.0,0.0,471.88,50.89,0.0
2026-03-28T15:57:44.658,104.0,12.0,0.0,0.0,0.0,0.0,520.66,60.53,0.0
2026-03-28T15:57:44.658,115.0,13.0,0.0,0.0,0.0,0.0,578.11,65.87,0.0
2026-03-28T15:57:44.749,116.0,15.0,0.0,0.0,0.0,0.0,581.18,76.42,0.0
2026-03-28T15:57:44.749,88.0,15.0,0.0,0.0,0.0,0.0,442.43,76.02,0.0
2026-03-28T15:57:44.749,64.0,15.0,0.0,0.0,0.0,0.0,323.79,77.12,0.0
2026-03-28T15:57:44.759,130.0,15.0,0.0,0.0,0.0,0.0,653.09,77.93,0.0
2026-03-28T15:57:44.761,129.0,15.0,0.0,0.0,0.0,0.0,648.82,78.46,0.0
2026-03-28T15:57:44.762,129.0,15.0,0.0,0.0,0.0,0.0,649.14,79.1,0.0
2026-03-28T15:57:44.762,134.0,15.0,0.0,0.0,0.0,0.0,673.6,79.03,0.0
2026-03-28T15:57:44.762,139.0,15.0,0.0,0.0,0.0,0.0,698.51,79.09,0.0
2026-03-28T15:57:44.772,145.0,15.0,0.0,0.0,0.0,0.0,729.88,79.46,0.0
2026-03-28T15:57:44.855,149.0,15.0,0.0,0.0,0.0,0.0,748.26,79.71,0.0
2026-03-28T15:57:44.855,148.0,15.0,0.0,0.0,0.0,0.0,744.97,79.88,0.0
2026-03-28T15:57:44.855,147.0,16.0,0.0,0.0,0.0,0.0,735.18,80.15,0.0
2026-03-28T15:57:44.855,149.0,16.0,0.0,0.0,0.0,0.0,746.21,82.46,0.0
2026-03-28T15:57:44.855,148.0,16.0,0.0,0.0,0.0,0.0,744.58,84.12,0.0
2026-03-28T15:57:44.855,150.0,16.0,0.0,0.0,0.0,0.0,754.17,84.28,0.0
2026-03-28T15:57:44.957,151.0,16.0,0.0,0.0,0.0,0.0,756.03,83.21,0.0
2026-03-28T15:57:44.957,149.0,16.0,0.0,0.0,0.0,0.0,747.2,83.62,0.0
2026-03-28T15:57:44.957,132.0,16.0,0.0,0.0,0.0,0.0,660.65,84.22,0.0
2026-03-28T15:57:44.957,145.0,16.0,0.0,0.0,0.0,0.0,727.65,84.15,0.0
2026-03-28T15:57:44.957,147.0,16.0,0.0,0.0,0.0,0.0,739.62,83.58,0.0
2026-03-28T15:57:44.991,151.0,16.0,0.0,0.0,0.0,0.0,756.12,83.76,0.0
2026-03-28T15:57:45.066,149.0,16.0,0.0,0.0,0.0,0.0,749.99,84.47,0.0
2026-03-28T15:57:45.066,149.0,16.0,0.0,0.0,0.0,0.0,747.45,84.76,0.0
2026-03-28T15:57:45.071,151.0,16.0,0.0,0.0,0.0,0.0,755.51,84.44,0.0
2026-03-28T15:57:45.076,152.0,16.0,0.0,0.0,0.0,0.0,762.14,84.12,0.0
2026-03-28T15:57:45.079,152.0,16.0,0.0,0.0,0.0,0.0,764.82,83.51,0.0
2026-03-28T15:57:45.085,155.0,16.0,0.0,0.0,0.0,0.0,779.97,83.68,0.0
2026-03-28T15:57:45.089,153.0,16.0,0.0,0.0,0.0,0.0,765.19,83.59,0.0
2026-03-28T15:57:45.091,151.0,16.0,0.0,0.0,0.0,0.0,758.44,84.03,0.0
2026-03-28T15:57:45.167,151.0,16.0,0.0,0.0,0.0,0.0,756.45,83.75,0.0
2026-03-28T15:57:45.167,151.0,16.0,0.0,0.0,0.0,0.0,756.77,84.03,0.0
2026-03-28T15:57:45.167,151.0,16.0,0.0,0.0,0.0,0.0,758.91,84.18,0.0
2026-03-28T15:57:45.167,150.0,16.0,0.0,0.0,0.0,0.0,754.67,83.96,0.0
2026-03-28T15:57:45.167,152.0,16.0,0.0,0.0,0.0,0.0,761.64,84.2,0.0
2026-03-28T15:57:45.167,150.0,16.0,0.0,0.0,0.0,0.0,753.2,84.29,0.0
2026-03-28T15:57:45.272,148.0,16.0,0.0,0.0,0.0,0.0,743.98,83.98,0.0
2026-03-28T15:57:45.272,150.0,16.0,0.0,0.0,0.0,0.0,752.26,84.23,0.0
2026-03-28T15:57:45.272,149.0,16.0,0.0,0.0,0.0,0.0,747.47,84.32,0.0
2026-03-28T15:57:45.272,149.0,16.0,0.0,0.0,0.0,0.0,749.63,84.75,0.0
2026-03-28T15:57:45.272,150.0,17.0,0.0,0.0,0.0,0.0,754.48,85.38,0.0
2026-03-28T15:57:45.272,148.0,17.0,0.0,0.0,0.0,0.0,742.21,85.66,0.0
2026-03-28T15:57:45.292,141.0,17.0,0.0,0.0,0.0,0.0,707.35,85.69,0.0
2026-03-28T15:57:45.292,133.0,17.0,0.0,0.0,0.0,0.0,668.11,86.13,0.0
2026-03-28T15:57:45.292,121.0,17.0,0.0,0.0,0.0,0.0,607.1,86.06,0.0
2026-03-28T15:57:45.369,102.0,17.0,0.0,0.0,0.0,0.0,511.63,86.28,0.0
2026-03-28T15:57:45.376,88.0,17.0,0.0,0.0,0.0,0.0,440.08,86.13,0.0
2026-03-28T15:57:45.381,59.0,17.0,0.0,0.0,0.0,0.0,299.3,85.97,0.0
2026-03-28T15:57:45.384,29.0,17.0,0.0,0.0,0.0,0.0,149.58,86.06,0.0
2026-03-28T15:57:45.384,7.0,17.0,0.0,0.0,0.0,0.0,36.51,86.34,0.0
2026-03-28T15:57:45.389,0.0,17.0,0.0,0.0,0.0,0.0,0.0,86.38,0.0
2026-03-28T15:57:45.485,0.0,17.0,0.0,0.0,0.0,0.0,0.0,86.33,0.0
2026-03-28T15:57:45.485,0.0,17.0,0.0,0.0,0.0,0.0,0.0,85.95,0.0
2026-03-28T15:57:45.485,0.0,16.0,0.0,0.0,0.0,0.0,0.0,80.64,0.0
2026-03-28T15:57:45.485,0.0,15.0,0.0,0.0,0.0,0.0,0.0,75.18,0.0
2026-03-28T15:57:45.491,0.0,12.0,0.0,0.0,0.0,0.0,0.0,63.16,0.0
2026-03-28T15:57:45.586,0.0,9.0,0.0,0.0,0.0,0.0,0.0,49.4,0.0
2026-03-28T15:57:45.586,0.0,6.0,0.0,0.0,0.0,0.0,0.0,34.54,0.0
2026-03-28T15:57:45.597,0.0,4.0,0.0,0.0,0.0,0.0,0.0,24.4,0.0
2026-03-28T15:57:45.597,0.0,2.0,0.0,0.0,0.0,0.0,0.0,14.36,0.0
2026-03-28T15:57:45.597,0.0,2.0,0.0,0.0,0.0,0.0,0.0,13.93,0.0
2026-03-28T15:57:45.597,0.0,2.0,0.0,0.0,0.0,0.0,0.0,14.49,0.0
2026-03-28T15:57:45.597,0.0,2.0,0.0,0.0,0.0,0.0,0.0,14.7,0.0
2026-03-28T15:57:45.597,0.0,3.0,0.0,0.0,0.0,0.0,0.0,15.5,0.0
2026-03-28T15:57:45.597,0.0,3.0,0.0,0.0,0.0,0.0,0.0,17.04,0.0
2026-03-28T15:57:45.689,0.0,3.0,0.0,0.0,0.0,0.0,0.0,18.34,0.0
2026-03-28T15:57:45.689,0.0,3.0,0.0,0.0,0.0,0.0,0.0,18.45,0.0
2026-03-28T15:57:45.689,0.0,3.0,0.0,0.0,0.0,0.0,0.0,19.25,0.0
2026-03-28T15:57:45.699,0.0,4.0,0.0,0.0,0.0,0.0,0.0,20.03,0.0
2026-03-28T15:57:45.699,0.0,4.0,0.0,0.0,0.0,0.0,0.0,20.44,0.0
2026-03-28T15:57:45.699,0.0,4.0,0.0,0.0,0.0,0.0,0.0,20.47,0.0
2026-03-28T15:57:45.796,0.0,4.0,0.0,0.0,0.0,0.0,0.0,20.34,0.0
2026-03-28T15:57:45.796,0.0,4.0,0.0,0.0,0.0,0.0,0.0,20.54,0.0
2026-03-28T15:57:45.796,0.0,4.0,0.0,0.0,0.0,0.0,0.0,20.72,0.0
2026-03-28T15:57:45.796,0.0,4.0,0.0,0.0,0.0,0.0,0.0,21.41,0.0
2026-03-28T15:57:45.796,0.0,4.0,0.0,0.0,0.0,0.0,0.0,21.62,0.0
2026-03-28T15:57:45.796,0.0,4.0,0.0,0.0,0.0,0.0,0.0,22.06,0.0
2026-03-28T15:57:45.816,0.0,4.0,0.0,0.0,0.0,0.0,0.0,22.02,0.0
2026-03-28T15:57:45.816,0.0,4.0,0.0,0.0,0.0,0.0,0.0,22.09,0.0
2026-03-28T15:57:45.816,0.0,4.0,0.0,0.0,0.0,0.0,0.0,21.92,0.0
2026-03-28T15:57:45.899,0.0,4.0,0.0,0.0,0.0,0.0,0.0,21.9,0.0
2026-03-28T15:57:45.899,3.0,4.0,0.0,0.0,0.0,0.0,17.11,22.22,0.0
2026-03-28T15:57:45.899,12.0,4.0,0.0,0.0,0.0,0.0,60.6,22.38,0.0
2026-03-28T15:57:45.909,22.0,4.0,0.0,0.0,0.0,0.0,114.42,23.0,0.0
2026-03-28T15:57:45.909,32.0,4.0,0.0,0.0,0.0,0.0,164.99,23.14,0.0
2026-03-28T15:57:45.909,40.0,4.0,0.0,0.0,0.0,0.0,204.68,23.07,0.0
2026-03-28T15:57:46.001,45.0,4.0,0.0,0.0,0.0,0.0,226.87,23.26,0.0
2026-03-28T15:57:46.001,53.0,4.0,0.0,0.0,0.0,0.0,267.04,23.73,0.0
2026-03-28T15:57:46.001,53.0,4.0,0.0,0.0,0.0,0.0,269.71,23.8,0.0
2026-03-28T15:57:46.001,59.0,4.0,0.0,0.0,0.0,0.0,299.62,23.72,0.0
2026-03-28T15:57:46.001,60.0,6.0,0.0,0.0,0.0,0.0,303.78,30.29,0.0
2026-03-28T15:57:46.104,58.0,7.0,0.0,0.0,0.0,0.0,290.56,38.23,0.0
2026-03-28T15:57:46.104,59.0,8.0,0.0,0.0,0.0,0.0,299.6,43.89,0.0
2026-03-28T15:57:46.104,59.0,9.0,0.0,0.0,0.0,0.0,299.52,48.03,0.0
2026-03-28T15:57:46.112,70.0,10.0,0.0,0.0,0.0,0.0,353.51,51.02,0.0
2026-03-28T15:57:46.112,78.0,10.0,0.0,0.0,0.0,0.0,392.31,51.16,0.0
2026-03-28T15:57:46.112,84.0,10.0,0.0,0.0,0.0,0.0,420.98,51.28,0.0
2026-03-28T15:57:46.123,83.0,11.0,0.0,0.0,0.0,0.0,419.31,56.81,0.0
2026-03-28T15:57:46.123,81.0,13.0,0.0,0.0,0.0,0.0,406.75,65.47,0.0
2026-03-28T15:57:46.123,79.0,13.0,0.0,0.0,0.0,0.0,398.63,68.72,0.0
2026-03-28T15:57:46.205,73.0,14.0,0.0,0.0,0.0,0.0,368.31,70.44,0.0
2026-03-28T15:57:46.215,72.0,14.0,0.0,0.0,0.0,0.0,360.2,70.98,0.0
2026-03-28T15:57:46.215,71.0,14.0,0.0,0.0,0.0,0.0,355.42,70.35,0.0
2026-03-28T15:57:46.215,65.0,14.0,0.0,0.0,0.0,0.0,327.34,72.71,0.0
2026-03-28T15:57:46.215,55.0,14.0,0.0,0.0,0.0,0.0,278.09,72.57,0.0
2026-03-28T15:57:46.215,41.0,14.0,0.0,0.0,0.0,0.0,209.46,73.06,0.0
2026-03-28T15:57:46.315,19.0,14.0,0.0,0.0,0.0,0.0,95.17,73.95,0.0
2026-03-28T15:57:46.317,2.0,14.0,0.0,0.0,0.0,0.0,13.04,73.65,0.0
2026-03-28T15:57:46.317,0.0,14.0,0.0,0.0,0.0,0.0,0.0,73.88,0.0
2026-03-28T15:57:46.318,0.0,14.0,0.0,0.0,0.0,0.0,0.0,72.64,0.0
2026-03-28T15:57:46.320,0.0,14.0,0.0,0.0,0.0,0.0,0.0,72.45,0.0
2026-03-28T15:57:46.321,0.0,14.0,0.0,0.0,0.0,0.0,0.0,72.13,0.0
2026-03-28T15:57:46.418,0.0,13.0,0.0,0.0,0.0,0.0,0.0,69.21,0.0
2026-03-28T15:57:46.419,0.0,13.0,0.0,0.0,0.0,0.0,0.0,65.3,0.0
2026-03-28T15:57:46.420,0.0,12.0,0.0,0.0,0.0,0.0,0.0,61.27,0.0
2026-03-28T15:57:46.421,0.0,11.0,0.0,0.0,0.0,0.0,0.0,58.15,0.0
2026-03-28T15:57:46.423,0.0,11.0,0.0,0.0,0.0,0.0,0.0,55.87,0.0
2026-03-28T15:57:46.424,0.0,11.0,0.0,0.0,0.0,0.0,0.0,56.12,0.0
2026-03-28T15:57:46.434,0.0,11.0,0.0,0.0,0.0,0.0,0.0,56.38,0.0
2026-03-28T15:57:46.435,0.0,11.0,0.0,0.0,0.0,0.0,0.0,57.34,0.0
2026-03-28T15:57:46.437,0.0,11.0,0.0,0.0,0.0,0.0,2.75,57.95,0.0
2026-03-28T15:57:46.525,6.0,11.0,0.0,0.0,0.0,0.0,31.7,58.42,0.0
2026-03-28T15:57:46.526,11.0,11.0,0.0,0.0,0.0,0.0,55.34,59.92,0.0
2026-03-28T15:57:46.527,22.0,11.0,0.0,0.0,0.0,0.0,113.09,59.34,0.0
2026-03-28T15:57:46.528,29.0,11.0,0.0,0.0,0.0,0.0,146.86,59.76,0.0
2026-03-28T15:57:46.529,31.0,12.0,0.0,0.0,0.0,0.0,156.25,61.01,0.0
2026-03-28T15:57:46.627,34.0,12.0,0.0,0.0,0.0,0.0,173.83,61.09,0.0
2026-03-28T15:57:46.627,40.0,12.0,0.0,0.0,0.0,0.0,201.23,61.03,0.0
2026-03-28T15:57:46.627,48.0,12.0,0.0,0.0,0.0,0.0,240.18,61.49,0.0
2026-03-28T15:57:46.627,50.0,12.0,0.0,0.0,0.0,0.0,251.42,61.6,0.0
2026-03-28T15:57:46.638,48.0,12.0,0.0,0.0,0.0,0.0,241.39,61.6,0.0
2026-03-28T15:57:46.638,38.0,12.0,0.0,0.0,0.0,0.0,191.63,61.78,0.0
2026-03-28T15:57:46.648,28.0,12.0,0.0,0.0,0.0,0.0,142.31,62.34,0.0
2026-03-28T15:57:46.648,25.0,12.0,0.0,0.0,0.0,0.0,125.58,62.23,0.0
2026-03-28T15:57:46.648,16.0,12.0,0.0,0.0,0.0,0.0,82.26,62.15,0.0
2026-03-28T15:57:46.730,6.0,12.0,0.0,0.0,0.0,0.0,33.1,62.01,0.0
2026-03-28T15:57:46.730,0.0,12.0,0.0,0.0,0.0,0.0,0.0,61.92,0.0
2026-03-28T15:57:46.730,0.0,12.0,0.0,0.0,0.0,0.0,0.0,61.98,0.0
2026-03-28T15:57:46.730,0.0,12.0,0.0,0.0,0.0,0.0,0.0,62.14,0.0
2026-03-28T15:57:46.730,0.0,12.0,0.0,0.0,0.0,0.0,0.0,62.06,0.0
2026-03-28T15:57:46.740,0.0,12.0,0.0,0.0,0.0,0.0,0.0,62.16,0.0
2026-03-28T15:57:46.837,0.0,12.0,0.0,0.0,0.0,0.0,0.0,62.42,0.0
2026-03-28T15:57:46.837,0.0,12.0,0.0,0.0,0.0,0.0,0.0,62.57,0.0
2026-03-28T15:57:46.837,0.0,12.0,0.0,0.0,0.0,0.0,0.0,62.23,0.0
2026-03-28T15:57:46.837,0.0,12.0,0.0,0.0,0.0,0.0,0.0,62.35,0.0
2026-03-28T15:57:46.846,2.0,12.0,0.0,0.0,0.0,0.0,13.24,62.31,0.0
2026-03-28T15:57:46.846,5.0,12.0,0.0,0.0,0.0,0.0,27.34,62.55,0.0
2026-03-28T15:57:46.929,11.0,12.0,0.0,0.0,0.0,0.0,58.77,62.66,0.0
2026-03-28T15:57:46.929,30.0,12.0,0.0,0.0,0.0,0.0,153.24,62.78,0.0
2026-03-28T15:57:46.939,47.0,12.0,0.0,0.0,0.0,0.0,236.99,62.94,0.0
2026-03-28T15:57:46.939,51.0,12.0,0.0,0.0,0.0,0.0,257.43,63.0,0.0
2026-03-28T15:57:46.939,56.0,12.0,0.0,0.0,0.0,0.0,281.33,62.87,0.0
2026-03-28T15:57:46.939,66.0,12.0,0.0,0.0,0.0,0.0,332.45,63.39,0.0
2026-03-28T15:57:46.949,71.0,13.0,0.0,0.0,0.0,0.0,356.64,65.91,0.0
2026-03-28T15:57:46.949,72.0,13.0,0.0,0.0,0.0,0.0,364.24,67.18,0.0
2026-03-28T15:57:46.959,71.0,14.0,0.0,0.0,0.0,0.0,356.61,70.93,0.0
2026-03-28T15:57:47.041,65.0,14.0,0.0,0.0,0.0,0.0,329.27,72.68,0.0
2026-03-28T15:57:47.041,58.0,14.0,0.0,0.0,0.0,0.0,294.13,72.68,0.0
2026-03-28T15:57:47.041,53.0,14.0,0.0,0.0,0.0,0.0,267.01,72.73,0.0
2026-03-28T15:57:47.041,39.0,14.0,0.0,0.0,0.0,0.0,197.76,72.53,0.0
2026-03-28T15:57:47.041,19.0,14.0,0.0,0.0,0.0,0.0,96.66,72.55,0.0
2026-03-28T15:57:47.146,8.0,14.0,0.0,0.0,0.0,0.0,43.53,73.01,0.0
2026-03-28T15:57:47.146,0.0,14.0,0.0,0.0,0.0,0.0,2.36,73.11,0.0
2026-03-28T15:57:47.146,0.0,14.0,0.0,0.0,0.0,0.0,0.0,72.97,0.0
2026-03-28T15:57:47.146,0.0,14.0,0.0,0.0,0.0,0.0,0.0,73.77,0.0
2026-03-28T15:57:47.146,0.0,14.0,0.0,0.0,0.0,0.0,0.0,73.18,0.0
2026-03-28T15:57:47.146,0.0,14.0,0.0,0.0,0.0,0.0,0.0,71.62,0.0
2026-03-28T15:57:47.251,0.0,13.0,0.0,0.0,0.0,0.0,0.0,65.8,0.0
2026-03-28T15:57:47.251,0.0,12.0,0.0,0.0,0.0,0.0,0.0,62.35,0.0
2026-03-28T15:57:47.251,0.0,11.0,0.0,0.0,0.0,0.0,0.0,58.65,0.0
2026-03-28T15:57:47.251,0.0,11.0,0.0,0.0,0.0,0.0,0.0,56.05,0.0
2026-03-28T15:57:47.258,0.0,10.0,0.0,0.0,0.0,0.0,0.0,52.25,0.0
2026-03-28T15:57:47.258,0.0,9.0,0.0,0.0,0.0,0.0,0.0,49.01,0.0
2026-03-28T15:57:47.268,0.0,9.0,0.0,0.0,0.0,0.0,0.0,49.74,0.0
2026-03-28T15:57:47.268,1.0,9.0,0.0,0.0,0.0,0.0,5.44,49.24,0.0
2026-03-28T15:57:47.268,5.0,9.0,0.0,0.0,0.0,0.0,26.61,49.69,0.0
2026-03-28T15:57:47.345,12.0,9.0,0.0,0.0,0.0,0.0,64.21,49.76,0.0
2026-03-28T15:57:47.345,31.0,10.0,0.0,0.0,0.0,0.0,158.54,50.01,0.0
2026-03-28T15:57:47.356,39.0,10.0,0.0,0.0,0.0,0.0,196.52,50.43,0.0
2026-03-28T15:57:47.356,49.0,10.0,0.0,0.0,0.0,0.0,247.91,50.47,0.0
2026-03-28T15:57:47.356,62.0,10.0,0.0,0.0,0.0,0.0,313.98,51.44,0.0
2026-03-28T15:57:47.356,75.0,11.0,0.0,0.0,0.0,0.0,375.42,55.14,0.0
2026-03-28T15:57:47.450,84.0,12.0,0.0,0.0,0.0,0.0,423.64,61.3,0.0
2026-03-28T15:57:47.450,92.0,13.0,0.0,0.0,0.0,0.0,461.41,67.41,0.0
2026-03-28T15:57:47.450,100.0,13.0,0.0,0.0,0.0,0.0,504.5,68.25,0.0
2026-03-28T15:57:47.450,110.0,14.0,0.0,0.0,0.0,0.0,550.97,71.43,0.0
2026-03-28T15:57:47.450,112.0,14.0,0.0,0.0,0.0,0.0,561.33,74.1,0.0
2026-03-28T15:57:47.450,116.0,15.0,0.0,0.0,0.0,0.0,580.15,76.3,0.0
2026-03-28T15:57:47.555,118.0,15.0,0.0,0.0,0.0,0.0,590.81,77.51,0.0
2026-03-28T15:57:47.555,120.0,15.0,0.0,0.0,0.0,0.0,600.03,77.77,0.0
2026-03-28T15:57:47.555,121.0,15.0,0.0,0.0,0.0,0.0,608.1,77.79,0.0
2026-03-28T15:57:47.555,120.0,15.0,0.0,0.0,0.0,0.0,601.99,78.42,0.0
2026-03-28T15:57:47.555,120.0,15.0,0.0,0.0,0.0,0.0,600.83,78.18,0.0
2026-03-28T15:57:47.555,121.0,15.0,0.0,0.0,0.0,0.0,609.62,78.64,0.0
2026-03-28T15:57:47.566,125.0,15.0,0.0,0.0,0.0,0.0,626.46,78.98,0.0
2026-03-28T15:57:47.566,128.0,16.0,0.0,0.0,0.0,0.0,643.92,81.52,0.0
2026-03-28T15:57:47.657,128.0,16.0,0.0,0.0,0.0,0.0,642.49,81.84,0.0
2026-03-28T15:57:47.657,126.0,16.0,0.0,0.0,0.0,0.0,630.53,82.2,0.0
2026-03-28T15:57:47.657,122.0,16.0,0.0,0.0,0.0,0.0,611.8,82.12,0.0
2026-03-28T15:57:47.668,123.0,16.0,0.0,0.0,0.0,0.0,617.18,83.07,0.0
2026-03-28T15:57:47.668,123.0,16.0,0.0,0.0,0.0,0.0,618.3,83.05,0.0
2026-03-28T15:57:47.668,125.0,16.0,0.0,0.0,0.0,0.0,628.86,83.04,0.0
2026-03-28T15:57:47.759,127.0,16.0,0.0,0.0,0.0,0.0,638.67,83.34,0.0
2026-03-28T15:57:47.759,129.0,16.0,0.0,0.0,0.0,0.0,646.04,83.23,0.0
2026-03-28T15:57:47.759,130.0,16.0,0.0,0.0,0.0,0.0,650.63,83.01,0.0
2026-03-28T15:57:47.769,130.0,16.0,0.0,0.0,0.0,0.0,653.62,83.4,0.0
2026-03-28T15:57:47.769,129.0,16.0,0.0,0.0,0.0,0.0,649.09,83.47,0.0
2026-03-28T15:57:47.769,126.0,16.0,0.0,0.0,0.0,0.0,633.49,83.55,0.0
2026-03-28T15:57:47.780,121.0,16.0,0.0,0.0,0.0,0.0,605.04,83.53,0.0
2026-03-28T15:57:47.790,107.0,16.0,0.0,0.0,0.0,0.0,537.82,83.66,0.0
2026-03-28T15:57:47.790,87.0,16.0,0.0,0.0,0.0,0.0,435.6,83.8,0.0
2026-03-28T15:57:47.867,67.0,16.0,0.0,0.0,0.0,0.0,339.08,83.96,0.0
2026-03-28T15:57:47.867,42.0,16.0,0.0,0.0,0.0,0.0,210.15,84.23,0.0
2026-03-28T15:57:47.867,26.0,16.0,0.0,0.0,0.0,0.0,130.13,84.72,0.0
2026-03-28T15:57:47.867,20.0,16.0,0.0,0.0,0.0,0.0,102.17,84.92,0.0
2026-03-28T15:57:47.878,10.0,17.0,0.0,0.0,0.0,0.0,51.22,85.23,0.0
2026-03-28T15:57:47.878,0.0,17.0,0.0,0.0,0.0,0.0,4.02,85.36,0.0
2026-03-28T15:57:47.970,0.0,17.0,0.0,0.0,0.0,0.0,0.0,85.37,0.0
2026-03-28T15:57:47.970,0.0,16.0,0.0,0.0,0.0,0.0,0.0,84.72,0.0
2026-03-28T15:57:47.970,0.0,15.0,0.0,0.0,0.0,0.0,0.0,78.22,0.0
2026-03-28T15:57:47.970,0.0,14.0,0.0,0.0,0.0,0.0,0.0,70.65,0.0
2026-03-28T15:57:47.970,0.0,12.0,0.0,0.0,0.0,0.0,0.0,60.25,0.0
2026-03-28T15:57:47.970,0.0,10.0,0.0,0.0,0.0,0.0,0.0,50.86,0.0
2026-03-28T15:57:48.073,0.0,8.0,0.0,0.0,0.0,0.0,0.0,40.68,0.0
2026-03-28T15:57:48.083,0.0,6.0,0.0,0.0,0.0,0.0,0.0,34.12,0.0
2026-03-28T15:57:48.083,0.0,6.0,0.0,0.0,0.0,0.0,0.0,30.88,0.0
2026-03-28T15:57:48.083,0.0,4.0,0.0,0.0,0.0,0.0,0.0,22.3,0.0
2026-03-28T15:57:48.083,0.0,5.0,0.0,0.0,0.0,0.0,0.0,25.68,0.0
2026-03-28T15:57:48.083,0.0,4.0,0.0,0.0,0.0,0.0,0.0,21.64,0.0
2026-03-28T15:57:48.092,0.0,4.0,0.0,0.0,0.0,0.0,0.0,24.68,0.0
2026-03-28T15:57:48.092,0.0,4.0,0.0,0.0,0.0,0.0,0.0,24.73,0.0
2026-03-28T15:57:48.175,0.0,5.0,0.0,0.0,0.0,0.0,0.0,25.53,0.0
2026-03-28T15:57:48.175,0.0,5.0,0.0,0.0,0.0,0.0,0.0,26.06,0.0
2026-03-28T15:57:48.185,0.0,5.0,0.0,0.0,0.0,0.0,0.0,26.83,0.0
2026-03-28T15:57:48.185,0.0,5.0,0.0,0.0,0.0,0.0,0.0,26.47,0.0
2026-03-28T15:57:48.185,0.0,5.0,0.0,0.0,0.0,0.0,0.0,26.78,0.0
2026-03-28T15:57:48.185,0.0,5.0,0.0,0.0,0.0,0.0,0.0,27.56,0.0
2026-03-28T15:57:48.288,0.0,5.0,0.0,0.0,0.0,0.0,0.0,28.26,0.0
2026-03-28T15:57:48.289,0.0,5.0,0.0,0.0,0.0,0.0,0.0,28.26,0.0
2026-03-28T15:57:48.290,0.0,5.0,0.0,0.0,0.0,0.0,0.0,28.73,0.0
2026-03-28T15:57:48.290,0.0,5.0,0.0,0.0,0.0,0.0,0.0,28.95,0.0
2026-03-28T15:57:48.290,0.0,5.0,0.0,0.0,0.0,0.0,0.0,29.47,0.0
2026-03-28T15:57:48.290,0.0,5.0,0.0,0.0,0.0,0.0,0.0,29.25,0.0
2026-03-28T15:57:48.385,0.0,5.0,0.0,0.0,0.0,0.0,0.0,29.48,0.0
2026-03-28T15:57:48.385,0.0,5.0,0.0,0.0,0.0,0.0,0.0,29.51,0.0
2026-03-28T15:57:48.385,0.0,5.0,0.0,0.0,0.0,0.0,0.93,29.36,0.0
2026-03-28T15:57:48.395,0.0,5.0,0.0,0.0,0.0,0.0,0.0,29.5,0.0
2026-03-28T15:57:48.398,6.0,5.0,0.0,0.0,0.0,0.0,34.86,29.83,0.0
2026-03-28T15:57:48.399,18.0,5.0,0.0,0.0,0.0,0.0,92.44,29.78,0.0
2026-03-28T15:57:48.399,30.0,5.0,0.0,0.0,0.0,0.0,151.22,29.98,0.0
2026-03-28T15:57:48.399,47.0,5.0,0.0,0.0,0.0,0.0,239.94,29.9,0.0
2026-03-28T15:57:48.399,57.0,6.0,0.0,0.0,0.0,0.0,288.99,30.3,0.0
2026-03-28T15:57:48.483,73.0,6.0,0.0,0.0,0.0,0.0,366.74,33.08,0.0
2026-03-28T15:57:48.493,87.0,7.0,0.0,0.0,0.0,0.0,438.32,37.16,0.0
2026-03-28T15:57:48.493,90.0,8.0,0.0,0.0,0.0,0.0,453.18,41.69,0.0
2026-03-28T15:57:48.493,98.0,11.0,0.0,0.0,0.0,0.0,493.14,55.48,0.0
2026-03-28T15:57:48.493,106.0,13.0,0.0,0.0,0.0,0.0,532.17,67.87,0.0
2026-03-28T15:57:48.493,116.0,14.0,0.0,0.0,0.0,0.0,580.91,73.98,0.0
2026-03-28T15:57:48.594,123.0,15.0,0.0,0.0,0.0,0.0,616.45,76.88,0.0
2026-03-28T15:57:48.594,126.0,16.0,0.0,0.0,0.0,0.0,631.55,80.4,0.0
2026-03-28T15:57:48.594,129.0,16.0,0.0,0.0,0.0,0.0,645.29,80.32,0.0
2026-03-28T15:57:48.594,132.0,16.0,0.0,0.0,0.0,0.0,664.73,81.34,0.0
2026-03-28T15:57:48.594,135.0,16.0,0.0,0.0,0.0,0.0,675.28,81.27,0.0
2026-03-28T15:57:48.594,134.0,16.0,0.0,0.0,0.0,0.0,671.06,83.35,0.0
2026-03-28T15:57:48.616,126.0,16.0,0.0,0.0,0.0,0.0,630.7,84.39,0.0
2026-03-28T15:57:48.616,116.0,16.0,0.0,0.0,0.0,0.0,580.72,84.64,0.0
2026-03-28T15:57:48.697,97.0,17.0,0.0,0.0,0.0,0.0,488.94,85.23,0.0
2026-03-28T15:57:48.697,83.0,16.0,0.0,0.0,0.0,0.0,418.48,84.92,0.0
2026-03-28T15:57:48.697,58.0,17.0,0.0,0.0,0.0,0.0,294.52,85.51,0.0
2026-03-28T15:57:48.707,28.0,17.0,0.0,0.0,0.0,0.0,141.03,85.43,0.0
2026-03-28T15:57:48.707,17.0,17.0,0.0,0.0,0.0,0.0,87.22,85.64,0.0
2026-03-28T15:57:48.707,4.0,17.0,0.0,0.0,0.0,0.0,24.5,85.59,0.0
2026-03-28T15:57:48.799,0.0,17.0,0.0,0.0,0.0,0.0,0.0,85.95,0.0
2026-03-28T15:57:48.799,0.0,17.0,0.0,0.0,0.0,0.0,0.0,86.01,0.0
2026-03-28T15:57:48.799,0.0,17.0,0.0,0.0,0.0,0.0,0.0,85.58,0.0
2026-03-28T15:57:48.799,0.0,16.0,0.0,0.0,0.0,0.0,0.0,80.1,0.0
2026-03-28T15:57:48.810,0.0,14.0,0.0,0.0,0.0,0.0,0.0,70.32,0.0
2026-03-28T15:57:48.810,0.0,12.0,0.0,0.0,0.0,0.0,0.0,62.09,0.0
2026-03-28T15:57:48.908,0.0,10.0,0.0,0.0,0.0,0.0,0.0,50.12,0.0
2026-03-28T15:57:48.919,0.0,7.0,0.0,0.0,0.0,0.0,0.0,38.39,0.0
2026-03-28T15:57:48.919,0.0,7.0,0.0,0.0,0.0,0.0,0.0,36.07,0.0
2026-03-28T15:57:48.919,0.0,6.0,0.0,0.0,0.0,0.0,0.0,31.01,0.0
2026-03-28T15:57:48.919,0.0,4.0,0.0,0.0,0.0,0.0,0.0,23.12,0.0
2026-03-28T15:57:48.919,0.0,4.0,0.0,0.0,0.0,0.0,0.0,24.72,0.0
2026-03-28T15:57:48.919,0.0,4.0,0.0,0.0,0.0,0.0,0.0,24.87,0.0
2026-03-28T15:57:48.919,0.0,4.0,0.0,0.0,0.0,0.0,0.0,24.06,0.0
2026-03-28T15:57:48.919,0.0,4.0,0.0,0.0,0.0,0.0,0.0,24.52,0.0
2026-03-28T15:57:49.030,0.0,4.0,0.0,0.0,0.0,0.0,0.0,24.52,0.0
2026-03-28T15:57:49.030,0.0,5.0,0.0,0.0,0.0,0.0,0.0,25.66,0.0
2026-03-28T15:57:49.030,0.0,5.0,0.0,0.0,0.0,0.0,0.0,26.18,0.0
2026-03-28T15:57:49.040,0.0,5.0,0.0,0.0,0.0,0.0,0.0,27.41,0.0
2026-03-28T15:57:49.040,0.0,5.0,0.0,0.0,0.0,0.0,0.0,27.79,0.0
2026-03-28T15:57:49.042,0.0,5.0,0.0,0.0,0.0,0.0,0.0,27.64,0.0
2026-03-28T15:57:49.123,0.0,5.0,0.0,0.0,0.0,0.0,0.0,27.56,0.0
2026-03-28T15:57:49.123,0.0,5.0,0.0,0.0,0.0,0.0,0.0,27.71,0.0
2026-03-28T15:57:49.123,0.0,5.0,0.0,0.0,0.0,0.0,0.0,27.72,0.0
2026-03-28T15:57:49.133,0.0,5.0,0.0,0.0,0.0,0.0,0.0,27.95,0.0
2026-03-28T15:57:49.133,0.0,5.0,0.0,0.0,0.0,0.0,0.0,27.96,0.0
2026-03-28T15:57:49.133,0.0,5.0,0.0,0.0,0.0,0.0,0.0,28.48,0.0
2026-03-28T15:57:49.143,0.0,5.0,0.0,0.0,0.0,0.0,0.0,28.5,0.0
2026-03-28T15:57:49.143,0.0,5.0,0.0,0.0,0.0,0.0,0.0,28.69,0.0
2026-03-28T15:57:49.227,0.0,5.0,0.0,0.0,0.0,0.0,0.0,28.91,0.0
2026-03-28T15:57:49.227,0.0,5.0,0.0,0.0,0.0,0.0,0.0,28.96,0.0
2026-03-28T15:57:49.227,0.0,5.0,0.0,0.0,0.0,0.0,0.0,28.8,0.0
2026-03-28T15:57:49.235,0.0,5.0,0.0,0.0,0.0,0.0,0.0,28.55,0.0
2026-03-28T15:57:49.235,0.0,5.0,0.0,0.0,0.0,0.0,0.0,28.53,0.0
2026-03-28T15:57:49.235,0.0,5.0,0.0,0.0,0.0,0.0,0.0,28.68,0.0
2026-03-28T15:57:49.332,0.0,5.0,0.0,0.0,0.0,0.0,0.0,28.72,0.0
2026-03-28T15:57:49.332,0.0,5.0,0.0,0.0,0.0,0.0,0.0,28.9,0.0
2026-03-28T15:57:49.332,0.0,5.0,0.0,0.0,0.0,0.0,0.0,29.01,0.0
2026-03-28T15:57:49.332,0.0,5.0,0.0,0.0,0.0,0.0,0.0,28.86,0.0
2026-03-28T15:57:49.339,0.0,5.0,0.0,0.0,0.0,0.0,0.0,29.06,0.0
2026-03-28T15:57:49.339,0.0,5.0,0.0,0.0,0.0,0.0,0.0,29.33,0.0
2026-03-28T15:57:49.428,0.0,5.0,0.0,0.0,0.0,0.0,0.0,29.68,0.0
2026-03-28T15:57:49.428,0.0,5.0,0.0,0.0,0.0,0.0,0.0,29.56,0.0
2026-03-28T15:57:49.428,0.0,6.0,0.0,0.0,0.0,0.0,0.0,30.03,0.0
2026-03-28T15:57:49.428,0.0,6.0,0.0,0.0,0.0,0.0,0.0,30.3,0.0
2026-03-28T15:57:49.428,0.0,6.0,0.0,0.0,0.0,0.0,0.0,30.25,0.0
2026-03-28T15:57:49.428,0.0,6.0,0.0,0.0,0.0,0.0,0.0,30.48,0.0
2026-03-28T15:57:49.449,0.0,6.0,0.0,0.0,0.0,0.0,0.0,30.35,0.0
2026-03-28T15:57:49.449,0.0,6.0,0.0,0.0,0.0,0.0,0.0,30.66,0.0
2026-03-28T15:57:49.449,0.0,6.0,0.0,0.0,0.0,0.0,0.0,30.78,0.0
2026-03-28T15:57:49.521,0.0,6.0,0.0,0.0,0.0,0.0,0.0,30.86,0.0
2026-03-28T15:57:49.521,0.0,6.0,0.0,0.0,0.0,0.0,0.0,30.92,0.0
2026-03-28T15:57:49.531,0.0,6.0,0.0,0.0,0.0,0.0,0.0,30.9,0.0
2026-03-28T15:57:49.535,0.0,6.0,0.0,0.0,0.0,0.0,0.0,30.84,0.0
2026-03-28T15:57:49.535,0.0,6.0,0.0,0.0,0.0,0.0,0.0,31.08,0.0
2026-03-28T15:57:49.535,0.0,6.0,0.0,0.0,0.0,0.0,0.0,30.9,0.0
2026-03-28T15:57:49.634,0.0,6.0,0.0,0.0,0.0,0.0,0.0,31.38,0.0
2026-03-28T15:57:49.634,0.0,6.0,0.0,0.0,0.0,0.0,0.0,31.4,0.0
2026-03-28T15:57:49.634,0.0,6.0,0.0,0.0,0.0,0.0,0.0,31.54,0.0
2026-03-28T15:57:49.634,0.0,6.0,0.0,0.0,0.0,0.0,0.0,31.86,0.0
2026-03-28T15:57:49.634,0.0,6.0,0.0,0.0,0.0,0.0,0.0,31.79,0.0
2026-03-28T15:57:49.634,0.0,6.0,0.0,0.0,0.0,0.0,0.0,31.68,0.0
2026-03-28T15:57:49.737,0.0,6.0,0.0,0.0,0.0,0.0,0.0,31.58,0.0
2026-03-28T15:57:49.737,0.0,6.0,0.0,0.0,0.0,0.0,0.0,31.6,0.0
2026-03-28T15:57:49.737,0.0,6.0,0.0,0.0,0.0,0.0,0.0,31.87,0.0
2026-03-28T15:57:49.737,0.0,6.0,0.0,0.0,0.0,0.0,0.0,31.67,0.0
2026-03-28T15:57:49.737,0.0,6.0,0.0,0.0,0.0,0.0,0.0,31.71,0.0
2026-03-28T15:57:49.752,0.0,6.0,0.0,0.0,0.0,0.0,0.0,32.08,0.0
2026-03-28T15:57:49.752,0.0,6.0,0.0,0.0,0.0,0.0,0.0,32.22,0.0
2026-03-28T15:57:49.758,0.0,6.0,0.0,0.0,0.0,0.0,0.0,32.61,0.0
2026-03-28T15:57:49.842,0.0,6.0,0.0,0.0,0.0,0.0,0.0,32.39,0.0
2026-03-28T15:57:49.844,0.0,6.0,0.0,0.0,0.0,0.0,0.0,32.47,0.0
2026-03-28T15:57:49.845,0.0,6.0,0.0,0.0,0.0,0.0,0.0,32.49,0.0
2026-03-28T15:57:49.846,0.0,6.0,0.0,0.0,0.0,0.0,0.0,32.62,0.0
2026-03-28T15:57:49.848,0.0,6.0,0.0,0.0,0.0,0.0,0.0,32.7,0.0
2026-03-28T15:57:49.849,0.0,6.0,0.0,0.0,0.0,0.0,0.0,32.85,0.0
2026-03-28T15:57:49.939,0.0,6.0,0.0,0.0,0.0,0.0,0.0,32.49,0.0
2026-03-28T15:57:49.949,0.0,6.0,0.0,0.0,0.0,0.0,0.0,32.42,0.0
2026-03-28T15:57:49.949,0.0,6.0,0.0,0.0,0.0,0.0,0.0,32.34,0.0
2026-03-28T15:57:49.949,0.0,6.0,0.0,0.0,0.0,0.0,0.0,32.47,0.0
2026-03-28T15:57:49.949,0.0,6.0,0.0,0.0,0.0,0.0,0.0,32.36,0.0
2026-03-28T15:57:49.949,0.0,6.0,0.0,0.0,0.0,0.0,0.0,32.5,0.0
2026-03-28T15:57:49.970,0.0,6.0,0.0,0.0,0.0,0.0,0.0,32.68,0.0
2026-03-28T15:57:49.970,0.0,6.0,0.0,0.0,0.0,0.0,0.0,32.82,0.0
2026-03-28T15:57:50.052,0.0,6.0,0.0,0.0,0.0,0.0,0.0,32.78,0.0
2026-03-28T15:57:50.057,0.0,6.0,0.0,0.0,0.0,0.0,0.0,33.06,0.0
2026-03-28T15:57:50.062,0.0,6.0,0.0,0.0,0.0,0.0,0.0,32.99,0.0
2026-03-28T15:57:50.062,0.0,6.0,0.0,0.0,0.0,0.0,0.0,32.99,0.0
2026-03-28T15:57:50.070,0.0,6.0,0.0,0.0,0.0,0.0,0.0,33.28,0.0
2026-03-28T15:57:50.070,0.0,6.0,0.0,0.0,0.0,0.0,0.0,33.4,0.0
2026-03-28T15:57:50.070,0.0,6.0,0.0,0.0,0.0,0.0,0.0,33.31,0.0
2026-03-28T15:57:50.141,0.0,6.0,0.0,0.0,0.0,0.0,0.0,33.2,0.0
2026-03-28T15:57:50.151,0.0,6.0,0.0,0.0,0.0,0.0,0.0,33.43,0.0
2026-03-28T15:57:50.151,0.0,6.0,0.0,0.0,0.0,0.0,0.0,33.44,0.0
2026-03-28T15:57:50.151,0.0,6.0,0.0,0.0,0.0,0.0,0.0,33.24,0.0
2026-03-28T15:57:50.151,0.0,6.0,0.0,0.0,0.0,0.0,0.0,33.11,0.0
2026-03-28T15:57:50.151,0.0,6.0,0.0,0.0,0.0,0.0,0.0,33.23,0.0
2026-03-28T15:57:50.253,0.0,6.0,0.0,0.0,0.0,0.0,0.0,33.66,0.0
2026-03-28T15:57:50.253,0.0,6.0,0.0,0.0,0.0,0.0,0.0,33.53,0.0
2026-03-28T15:57:50.253,0.0,6.0,0.0,0.0,0.0,0.0,0.0,33.85,0.0
2026-03-28T15:57:50.253,0.0,6.0,0.0,0.0,0.0,0.0,0.0,33.6,0.0
2026-03-28T15:57:50.253,0.0,6.0,0.0,0.0,0.0,0.0,0.0,33.62,0.0
2026-03-28T15:57:50.274,0.0,6.0,0.0,0.0,0.0,0.0,0.0,33.67,0.0
2026-03-28T15:57:50.274,0.0,6.0,0.0,0.0,0.0,0.0,0.0,33.64,0.0
2026-03-28T15:57:50.284,0.0,6.0,0.0,0.0,0.0,0.0,0.0,33.77,0.0
2026-03-28T15:57:50.358,0.0,6.0,0.0,0.0,0.0,0.0,0.0,33.91,0.0
2026-03-28T15:57:50.362,0.0,6.0,0.0,0.0,0.0,0.0,0.0,33.83,0.0
2026-03-28T15:57:50.362,0.0,6.0,0.0,0.0,0.0,0.0,0.0,33.76,0.0
2026-03-28T15:57:50.362,0.0,6.0,0.0,0.0,0.0,0.0,0.0,33.79,0.0
2026-03-28T15:57:50.362,0.0,6.0,0.0,0.0,0.0,0.0,0.0,33.97,0.0
2026-03-28T15:57:50.373,0.0,6.0,0.0,0.0,0.0,0.0,0.0,34.16,0.0
2026-03-28T15:57:50.459,0.0,6.0,0.0,0.0,0.0,0.0,0.0,34.28,0.0
